stage_number,level,level_name,category,level_path,algorithm,run,execution_ok,solved,valid_path,search_time_s,memory_usage_bytes,expanded_nodes,solution_length,solution_cost,validated_cost,path,error
1,Stage 01,Stage 01,Basic,levels/basic_level/stage_01.json,BFS,1,True,True,True,0.004881700006080791,35592,64,7,9,9,"[""RIGHT"", ""DOWN"", ""DOWN"", ""RIGHT"", ""RIGHT"", ""DOWN"", ""RIGHT""]",
1,Stage 01,Stage 01,Basic,levels/basic_level/stage_01.json,BFS,2,True,True,True,0.0049442000017734244,35216,64,7,9,9,"[""RIGHT"", ""DOWN"", ""DOWN"", ""RIGHT"", ""RIGHT"", ""DOWN"", ""RIGHT""]",
1,Stage 01,Stage 01,Basic,levels/basic_level/stage_01.json,BFS,3,True,True,True,0.004763199991430156,35216,64,7,9,9,"[""RIGHT"", ""DOWN"", ""DOWN"", ""RIGHT"", ""RIGHT"", ""DOWN"", ""RIGHT""]",
1,Stage 01,Stage 01,Basic,levels/basic_level/stage_01.json,BFS,4,True,True,True,0.004896800004644319,35216,64,7,9,9,"[""RIGHT"", ""DOWN"", ""DOWN"", ""RIGHT"", ""RIGHT"", ""DOWN"", ""RIGHT""]",
1,Stage 01,Stage 01,Basic,levels/basic_level/stage_01.json,BFS,5,True,True,True,0.004805100004887208,35216,64,7,9,9,"[""RIGHT"", ""DOWN"", ""DOWN"", ""RIGHT"", ""RIGHT"", ""DOWN"", ""RIGHT""]",
1,Stage 01,Stage 01,Basic,levels/basic_level/stage_01.json,IDS,1,True,True,True,0.009532100011711009,18966,123,7,9,9,"[""RIGHT"", ""DOWN"", ""DOWN"", ""RIGHT"", ""RIGHT"", ""DOWN"", ""RIGHT""]",
1,Stage 01,Stage 01,Basic,levels/basic_level/stage_01.json,IDS,2,True,True,True,0.009804299988900311,18918,123,7,9,9,"[""RIGHT"", ""DOWN"", ""DOWN"", ""RIGHT"", ""RIGHT"", ""DOWN"", ""RIGHT""]",
1,Stage 01,Stage 01,Basic,levels/basic_level/stage_01.json,IDS,3,True,True,True,0.009588699991581962,18918,123,7,9,9,"[""RIGHT"", ""DOWN"", ""DOWN"", ""RIGHT"", ""RIGHT"", ""DOWN"", ""RIGHT""]",
1,Stage 01,Stage 01,Basic,levels/basic_level/stage_01.json,IDS,4,True,True,True,0.009282300001359545,18918,123,7,9,9,"[""RIGHT"", ""DOWN"", ""DOWN"", ""RIGHT"", ""RIGHT"", ""DOWN"", ""RIGHT""]",
1,Stage 01,Stage 01,Basic,levels/basic_level/stage_01.json,IDS,5,True,True,True,0.009370699990540743,18918,123,7,9,9,"[""RIGHT"", ""DOWN"", ""DOWN"", ""RIGHT"", ""RIGHT"", ""DOWN"", ""RIGHT""]",
1,Stage 01,Stage 01,Basic,levels/basic_level/stage_01.json,UCS,1,True,True,True,0.005278299999190494,28598,62,7,9,9,"[""RIGHT"", ""DOWN"", ""DOWN"", ""RIGHT"", ""RIGHT"", ""DOWN"", ""RIGHT""]",
1,Stage 01,Stage 01,Basic,levels/basic_level/stage_01.json,UCS,2,True,True,True,0.00507820000348147,28550,62,7,9,9,"[""RIGHT"", ""DOWN"", ""DOWN"", ""RIGHT"", ""RIGHT"", ""DOWN"", ""RIGHT""]",
1,Stage 01,Stage 01,Basic,levels/basic_level/stage_01.json,UCS,3,True,True,True,0.005006499995943159,28550,62,7,9,9,"[""RIGHT"", ""DOWN"", ""DOWN"", ""RIGHT"", ""RIGHT"", ""DOWN"", ""RIGHT""]",
1,Stage 01,Stage 01,Basic,levels/basic_level/stage_01.json,UCS,4,True,True,True,0.005048499995609745,28550,62,7,9,9,"[""RIGHT"", ""DOWN"", ""DOWN"", ""RIGHT"", ""RIGHT"", ""DOWN"", ""RIGHT""]",
1,Stage 01,Stage 01,Basic,levels/basic_level/stage_01.json,UCS,5,True,True,True,0.005159699998330325,28550,62,7,9,9,"[""RIGHT"", ""DOWN"", ""DOWN"", ""RIGHT"", ""RIGHT"", ""DOWN"", ""RIGHT""]",
1,Stage 01,Stage 01,Basic,levels/basic_level/stage_01.json,A*,1,True,True,True,0.002764799995929934,21544,28,7,9,9,"[""RIGHT"", ""DOWN"", ""DOWN"", ""RIGHT"", ""RIGHT"", ""DOWN"", ""RIGHT""]",
1,Stage 01,Stage 01,Basic,levels/basic_level/stage_01.json,A*,2,True,True,True,0.0027288999990560114,21496,28,7,9,9,"[""RIGHT"", ""DOWN"", ""DOWN"", ""RIGHT"", ""RIGHT"", ""DOWN"", ""RIGHT""]",
1,Stage 01,Stage 01,Basic,levels/basic_level/stage_01.json,A*,3,True,True,True,0.0027510000072652474,21496,28,7,9,9,"[""RIGHT"", ""DOWN"", ""DOWN"", ""RIGHT"", ""RIGHT"", ""DOWN"", ""RIGHT""]",
1,Stage 01,Stage 01,Basic,levels/basic_level/stage_01.json,A*,4,True,True,True,0.002734900001087226,21496,28,7,9,9,"[""RIGHT"", ""DOWN"", ""DOWN"", ""RIGHT"", ""RIGHT"", ""DOWN"", ""RIGHT""]",
1,Stage 01,Stage 01,Basic,levels/basic_level/stage_01.json,A*,5,True,True,True,0.002685100000235252,21496,28,7,9,9,"[""RIGHT"", ""DOWN"", ""DOWN"", ""RIGHT"", ""RIGHT"", ""DOWN"", ""RIGHT""]",
2,Stage 02,Stage 02,Fragile,levels/fragile_levels/stage_02.json,BFS,1,True,True,True,0.0020899999944958836,16894,31,12,24,24,"[""RIGHT"", ""DOWN"", ""RIGHT"", ""RIGHT"", ""RIGHT"", ""RIGHT"", ""DOWN"", ""RIGHT"", ""UP"", ""LEFT"", ""LEFT"", ""UP""]",
2,Stage 02,Stage 02,Fragile,levels/fragile_levels/stage_02.json,BFS,2,True,True,True,0.0021644000080414116,16894,31,12,24,24,"[""RIGHT"", ""DOWN"", ""RIGHT"", ""RIGHT"", ""RIGHT"", ""RIGHT"", ""DOWN"", ""RIGHT"", ""UP"", ""LEFT"", ""LEFT"", ""UP""]",
2,Stage 02,Stage 02,Fragile,levels/fragile_levels/stage_02.json,BFS,3,True,True,True,0.0020000000076834112,16894,31,12,24,24,"[""RIGHT"", ""DOWN"", ""RIGHT"", ""RIGHT"", ""RIGHT"", ""RIGHT"", ""DOWN"", ""RIGHT"", ""UP"", ""LEFT"", ""LEFT"", ""UP""]",
2,Stage 02,Stage 02,Fragile,levels/fragile_levels/stage_02.json,BFS,4,True,True,True,0.0020013999892398715,16894,31,12,24,24,"[""RIGHT"", ""DOWN"", ""RIGHT"", ""RIGHT"", ""RIGHT"", ""RIGHT"", ""DOWN"", ""RIGHT"", ""UP"", ""LEFT"", ""LEFT"", ""UP""]",
2,Stage 02,Stage 02,Fragile,levels/fragile_levels/stage_02.json,BFS,5,True,True,True,0.0020795999880647287,16894,31,12,24,24,"[""RIGHT"", ""DOWN"", ""RIGHT"", ""RIGHT"", ""RIGHT"", ""RIGHT"", ""DOWN"", ""RIGHT"", ""UP"", ""LEFT"", ""LEFT"", ""UP""]",
2,Stage 02,Stage 02,Fragile,levels/fragile_levels/stage_02.json,IDS,1,True,True,True,0.010564900003373623,13150,169,12,24,24,"[""RIGHT"", ""DOWN"", ""RIGHT"", ""RIGHT"", ""RIGHT"", ""RIGHT"", ""DOWN"", ""RIGHT"", ""UP"", ""LEFT"", ""LEFT"", ""UP""]",
2,Stage 02,Stage 02,Fragile,levels/fragile_levels/stage_02.json,IDS,2,True,True,True,0.01071429999137763,13150,169,12,24,24,"[""RIGHT"", ""DOWN"", ""RIGHT"", ""RIGHT"", ""RIGHT"", ""RIGHT"", ""DOWN"", ""RIGHT"", ""UP"", ""LEFT"", ""LEFT"", ""UP""]",
2,Stage 02,Stage 02,Fragile,levels/fragile_levels/stage_02.json,IDS,3,True,True,True,0.010999800011632033,13150,169,12,24,24,"[""RIGHT"", ""DOWN"", ""RIGHT"", ""RIGHT"", ""RIGHT"", ""RIGHT"", ""DOWN"", ""RIGHT"", ""UP"", ""LEFT"", ""LEFT"", ""UP""]",
2,Stage 02,Stage 02,Fragile,levels/fragile_levels/stage_02.json,IDS,4,True,True,True,0.010251400002744049,13150,169,12,24,24,"[""RIGHT"", ""DOWN"", ""RIGHT"", ""RIGHT"", ""RIGHT"", ""RIGHT"", ""DOWN"", ""RIGHT"", ""UP"", ""LEFT"", ""LEFT"", ""UP""]",
2,Stage 02,Stage 02,Fragile,levels/fragile_levels/stage_02.json,IDS,5,True,True,True,0.00980530001106672,13150,169,12,24,24,"[""RIGHT"", ""DOWN"", ""RIGHT"", ""RIGHT"", ""RIGHT"", ""RIGHT"", ""DOWN"", ""RIGHT"", ""UP"", ""LEFT"", ""LEFT"", ""UP""]",
2,Stage 02,Stage 02,Fragile,levels/fragile_levels/stage_02.json,UCS,1,True,True,True,0.00193569999828469,15158,28,13,18,18,"[""UP"", ""RIGHT"", ""DOWN"", ""RIGHT"", ""DOWN"", ""RIGHT"", ""RIGHT"", ""RIGHT"", ""RIGHT"", ""DOWN"", ""LEFT"", ""UP"", ""UP""]",
2,Stage 02,Stage 02,Fragile,levels/fragile_levels/stage_02.json,UCS,2,True,True,True,0.0020345999946584925,15158,28,13,18,18,"[""UP"", ""RIGHT"", ""DOWN"", ""RIGHT"", ""DOWN"", ""RIGHT"", ""RIGHT"", ""RIGHT"", ""RIGHT"", ""DOWN"", ""LEFT"", ""UP"", ""UP""]",
2,Stage 02,Stage 02,Fragile,levels/fragile_levels/stage_02.json,UCS,3,True,True,True,0.0019203999981982633,15158,28,13,18,18,"[""UP"", ""RIGHT"", ""DOWN"", ""RIGHT"", ""DOWN"", ""RIGHT"", ""RIGHT"", ""RIGHT"", ""RIGHT"", ""DOWN"", ""LEFT"", ""UP"", ""UP""]",
2,Stage 02,Stage 02,Fragile,levels/fragile_levels/stage_02.json,UCS,4,True,True,True,0.0019826999923679978,15158,28,13,18,18,"[""UP"", ""RIGHT"", ""DOWN"", ""RIGHT"", ""DOWN"", ""RIGHT"", ""RIGHT"", ""RIGHT"", ""RIGHT"", ""DOWN"", ""LEFT"", ""UP"", ""UP""]",
2,Stage 02,Stage 02,Fragile,levels/fragile_levels/stage_02.json,UCS,5,True,True,True,0.0020182000007480383,15158,28,13,18,18,"[""UP"", ""RIGHT"", ""DOWN"", ""RIGHT"", ""DOWN"", ""RIGHT"", ""RIGHT"", ""RIGHT"", ""RIGHT"", ""DOWN"", ""LEFT"", ""UP"", ""UP""]",
2,Stage 02,Stage 02,Fragile,levels/fragile_levels/stage_02.json,A*,1,True,True,True,0.0020683999900938943,14672,26,13,18,18,"[""UP"", ""RIGHT"", ""DOWN"", ""RIGHT"", ""DOWN"", ""RIGHT"", ""RIGHT"", ""RIGHT"", ""RIGHT"", ""DOWN"", ""LEFT"", ""UP"", ""UP""]",
2,Stage 02,Stage 02,Fragile,levels/fragile_levels/stage_02.json,A*,2,True,True,True,0.00184090000402648,14672,26,13,18,18,"[""UP"", ""RIGHT"", ""DOWN"", ""RIGHT"", ""DOWN"", ""RIGHT"", ""RIGHT"", ""RIGHT"", ""RIGHT"", ""DOWN"", ""LEFT"", ""UP"", ""UP""]",
2,Stage 02,Stage 02,Fragile,levels/fragile_levels/stage_02.json,A*,3,True,True,True,0.0018287999992026016,14672,26,13,18,18,"[""UP"", ""RIGHT"", ""DOWN"", ""RIGHT"", ""DOWN"", ""RIGHT"", ""RIGHT"", ""RIGHT"", ""RIGHT"", ""DOWN"", ""LEFT"", ""UP"", ""UP""]",
2,Stage 02,Stage 02,Fragile,levels/fragile_levels/stage_02.json,A*,4,True,True,True,0.0023267999931704253,14672,26,13,18,18,"[""UP"", ""RIGHT"", ""DOWN"", ""RIGHT"", ""DOWN"", ""RIGHT"", ""RIGHT"", ""RIGHT"", ""RIGHT"", ""DOWN"", ""LEFT"", ""UP"", ""UP""]",
2,Stage 02,Stage 02,Fragile,levels/fragile_levels/stage_02.json,A*,5,True,True,True,0.0023929000017233193,14672,26,13,18,18,"[""UP"", ""RIGHT"", ""DOWN"", ""RIGHT"", ""DOWN"", ""RIGHT"", ""RIGHT"", ""RIGHT"", ""RIGHT"", ""DOWN"", ""LEFT"", ""UP"", ""UP""]",
3,Stage 03,Stage 03,Fragile,levels/fragile_levels/stage_03.json,BFS,1,True,True,True,0.004276499996194616,26830,69,28,73,73,"[""UP"", ""LEFT"", ""UP"", ""RIGHT"", ""RIGHT"", ""UP"", ""RIGHT"", ""RIGHT"", ""RIGHT"", ""RIGHT"", ""RIGHT"", ""RIGHT"", ""DOWN"", ""RIGHT"", ""DOWN"", ""DOWN"", ""DOWN"", ""DOWN"", ""DOWN"", ""RIGHT"", ""UP"", ""LEFT"", ""LEFT"", ""LEFT"", ""LEFT"", ""LEFT"", ""LEFT"", ""DOWN""]",
3,Stage 03,Stage 03,Fragile,levels/fragile_levels/stage_03.json,BFS,2,True,True,True,0.004627500005881302,26830,69,28,73,73,"[""UP"", ""LEFT"", ""UP"", ""RIGHT"", ""RIGHT"", ""UP"", ""RIGHT"", ""RIGHT"", ""RIGHT"", ""RIGHT"", ""RIGHT"", ""RIGHT"", ""DOWN"", ""RIGHT"", ""DOWN"", ""DOWN"", ""DOWN"", ""DOWN"", ""DOWN"", ""RIGHT"", ""UP"", ""LEFT"", ""LEFT"", ""LEFT"", ""LEFT"", ""LEFT"", ""LEFT"", ""DOWN""]",
3,Stage 03,Stage 03,Fragile,levels/fragile_levels/stage_03.json,BFS,3,True,True,True,0.004383100007544272,26830,69,28,73,73,"[""UP"", ""LEFT"", ""UP"", ""RIGHT"", ""RIGHT"", ""UP"", ""RIGHT"", ""RIGHT"", ""RIGHT"", ""RIGHT"", ""RIGHT"", ""RIGHT"", ""DOWN"", ""RIGHT"", ""DOWN"", ""DOWN"", ""DOWN"", ""DOWN"", ""DOWN"", ""RIGHT"", ""UP"", ""LEFT"", ""LEFT"", ""LEFT"", ""LEFT"", ""LEFT"", ""LEFT"", ""DOWN""]",
3,Stage 03,Stage 03,Fragile,levels/fragile_levels/stage_03.json,BFS,4,True,True,True,0.004337100006523542,26830,69,28,73,73,"[""UP"", ""LEFT"", ""UP"", ""RIGHT"", ""RIGHT"", ""UP"", ""RIGHT"", ""RIGHT"", ""RIGHT"", ""RIGHT"", ""RIGHT"", ""RIGHT"", ""DOWN"", ""RIGHT"", ""DOWN"", ""DOWN"", ""DOWN"", ""DOWN"", ""DOWN"", ""RIGHT"", ""UP"", ""LEFT"", ""LEFT"", ""LEFT"", ""LEFT"", ""LEFT"", ""LEFT"", ""DOWN""]",
3,Stage 03,Stage 03,Fragile,levels/fragile_levels/stage_03.json,BFS,5,True,True,True,0.0043913999979849905,26830,69,28,73,73,"[""UP"", ""LEFT"", ""UP"", ""RIGHT"", ""RIGHT"", ""UP"", ""RIGHT"", ""RIGHT"", ""RIGHT"", ""RIGHT"", ""RIGHT"", ""RIGHT"", ""DOWN"", ""RIGHT"", ""DOWN"", ""DOWN"", ""DOWN"", ""DOWN"", ""DOWN"", ""RIGHT"", ""UP"", ""LEFT"", ""LEFT"", ""LEFT"", ""LEFT"", ""LEFT"", ""LEFT"", ""DOWN""]",
3,Stage 03,Stage 03,Fragile,levels/fragile_levels/stage_03.json,IDS,1,True,True,True,0.14853340000263415,20550,2280,28,73,73,"[""UP"", ""LEFT"", ""UP"", ""RIGHT"", ""RIGHT"", ""UP"", ""RIGHT"", ""RIGHT"", ""RIGHT"", ""RIGHT"", ""RIGHT"", ""RIGHT"", ""DOWN"", ""RIGHT"", ""DOWN"", ""DOWN"", ""DOWN"", ""DOWN"", ""DOWN"", ""RIGHT"", ""UP"", ""LEFT"", ""LEFT"", ""LEFT"", ""LEFT"", ""LEFT"", ""LEFT"", ""DOWN""]",
3,Stage 03,Stage 03,Fragile,levels/fragile_levels/stage_03.json,IDS,2,True,True,True,0.14310939999995753,20550,2280,28,73,73,"[""UP"", ""LEFT"", ""UP"", ""RIGHT"", ""RIGHT"", ""UP"", ""RIGHT"", ""RIGHT"", ""RIGHT"", ""RIGHT"", ""RIGHT"", ""RIGHT"", ""DOWN"", ""RIGHT"", ""DOWN"", ""DOWN"", ""DOWN"", ""DOWN"", ""DOWN"", ""RIGHT"", ""UP"", ""LEFT"", ""LEFT"", ""LEFT"", ""LEFT"", ""LEFT"", ""LEFT"", ""DOWN""]",
3,Stage 03,Stage 03,Fragile,levels/fragile_levels/stage_03.json,IDS,3,True,True,True,0.1457897999935085,20550,2280,28,73,73,"[""UP"", ""LEFT"", ""UP"", ""RIGHT"", ""RIGHT"", ""UP"", ""RIGHT"", ""RIGHT"", ""RIGHT"", ""RIGHT"", ""RIGHT"", ""RIGHT"", ""DOWN"", ""RIGHT"", ""DOWN"", ""DOWN"", ""DOWN"", ""DOWN"", ""DOWN"", ""RIGHT"", ""UP"", ""LEFT"", ""LEFT"", ""LEFT"", ""LEFT"", ""LEFT"", ""LEFT"", ""DOWN""]",
3,Stage 03,Stage 03,Fragile,levels/fragile_levels/stage_03.json,IDS,4,True,True,True,0.151204299996607,20550,2280,28,73,73,"[""UP"", ""LEFT"", ""UP"", ""RIGHT"", ""RIGHT"", ""UP"", ""RIGHT"", ""RIGHT"", ""RIGHT"", ""RIGHT"", ""RIGHT"", ""RIGHT"", ""DOWN"", ""RIGHT"", ""DOWN"", ""DOWN"", ""DOWN"", ""DOWN"", ""DOWN"", ""RIGHT"", ""UP"", ""LEFT"", ""LEFT"", ""LEFT"", ""LEFT"", ""LEFT"", ""LEFT"", ""DOWN""]",
3,Stage 03,Stage 03,Fragile,levels/fragile_levels/stage_03.json,IDS,5,True,True,True,0.1512574000080349,20550,2280,28,73,73,"[""UP"", ""LEFT"", ""UP"", ""RIGHT"", ""RIGHT"", ""UP"", ""RIGHT"", ""RIGHT"", ""RIGHT"", ""RIGHT"", ""RIGHT"", ""RIGHT"", ""DOWN"", ""RIGHT"", ""DOWN"", ""DOWN"", ""DOWN"", ""DOWN"", ""DOWN"", ""RIGHT"", ""UP"", ""LEFT"", ""LEFT"", ""LEFT"", ""LEFT"", ""LEFT"", ""LEFT"", ""DOWN""]",
3,Stage 03,Stage 03,Fragile,levels/fragile_levels/stage_03.json,UCS,1,True,True,True,0.00474039999244269,25574,68,28,73,73,"[""UP"", ""LEFT"", ""UP"", ""RIGHT"", ""RIGHT"", ""UP"", ""RIGHT"", ""RIGHT"", ""RIGHT"", ""RIGHT"", ""RIGHT"", ""RIGHT"", ""DOWN"", ""RIGHT"", ""DOWN"", ""DOWN"", ""DOWN"", ""DOWN"", ""DOWN"", ""RIGHT"", ""UP"", ""LEFT"", ""LEFT"", ""LEFT"", ""LEFT"", ""LEFT"", ""LEFT"", ""DOWN""]",
3,Stage 03,Stage 03,Fragile,levels/fragile_levels/stage_03.json,UCS,2,True,True,True,0.005040999996708706,25574,68,28,73,73,"[""UP"", ""LEFT"", ""UP"", ""RIGHT"", ""RIGHT"", ""UP"", ""RIGHT"", ""RIGHT"", ""RIGHT"", ""RIGHT"", ""RIGHT"", ""RIGHT"", ""DOWN"", ""RIGHT"", ""DOWN"", ""DOWN"", ""DOWN"", ""DOWN"", ""DOWN"", ""RIGHT"", ""UP"", ""LEFT"", ""LEFT"", ""LEFT"", ""LEFT"", ""LEFT"", ""LEFT"", ""DOWN""]",
3,Stage 03,Stage 03,Fragile,levels/fragile_levels/stage_03.json,UCS,3,True,True,True,0.004797800007509068,25574,68,28,73,73,"[""UP"", ""LEFT"", ""UP"", ""RIGHT"", ""RIGHT"", ""UP"", ""RIGHT"", ""RIGHT"", ""RIGHT"", ""RIGHT"", ""RIGHT"", ""RIGHT"", ""DOWN"", ""RIGHT"", ""DOWN"", ""DOWN"", ""DOWN"", ""DOWN"", ""DOWN"", ""RIGHT"", ""UP"", ""LEFT"", ""LEFT"", ""LEFT"", ""LEFT"", ""LEFT"", ""LEFT"", ""DOWN""]",
3,Stage 03,Stage 03,Fragile,levels/fragile_levels/stage_03.json,UCS,4,True,True,True,0.004897299993899651,25574,68,28,73,73,"[""UP"", ""LEFT"", ""UP"", ""RIGHT"", ""RIGHT"", ""UP"", ""RIGHT"", ""RIGHT"", ""RIGHT"", ""RIGHT"", ""RIGHT"", ""RIGHT"", ""DOWN"", ""RIGHT"", ""DOWN"", ""DOWN"", ""DOWN"", ""DOWN"", ""DOWN"", ""RIGHT"", ""UP"", ""LEFT"", ""LEFT"", ""LEFT"", ""LEFT"", ""LEFT"", ""LEFT"", ""DOWN""]",
3,Stage 03,Stage 03,Fragile,levels/fragile_levels/stage_03.json,UCS,5,True,True,True,0.0048097999970195815,25574,68,28,73,73,"[""UP"", ""LEFT"", ""UP"", ""RIGHT"", ""RIGHT"", ""UP"", ""RIGHT"", ""RIGHT"", ""RIGHT"", ""RIGHT"", ""RIGHT"", ""RIGHT"", ""DOWN"", ""RIGHT"", ""DOWN"", ""DOWN"", ""DOWN"", ""DOWN"", ""DOWN"", ""RIGHT"", ""UP"", ""LEFT"", ""LEFT"", ""LEFT"", ""LEFT"", ""LEFT"", ""LEFT"", ""DOWN""]",
3,Stage 03,Stage 03,Fragile,levels/fragile_levels/stage_03.json,A*,1,True,True,True,0.005238300000200979,25662,68,28,73,73,"[""UP"", ""LEFT"", ""UP"", ""RIGHT"", ""RIGHT"", ""UP"", ""RIGHT"", ""RIGHT"", ""RIGHT"", ""RIGHT"", ""RIGHT"", ""RIGHT"", ""DOWN"", ""RIGHT"", ""DOWN"", ""DOWN"", ""DOWN"", ""DOWN"", ""DOWN"", ""RIGHT"", ""UP"", ""LEFT"", ""LEFT"", ""LEFT"", ""LEFT"", ""LEFT"", ""LEFT"", ""DOWN""]",
3,Stage 03,Stage 03,Fragile,levels/fragile_levels/stage_03.json,A*,2,True,True,True,0.005423099995823577,25662,68,28,73,73,"[""UP"", ""LEFT"", ""UP"", ""RIGHT"", ""RIGHT"", ""UP"", ""RIGHT"", ""RIGHT"", ""RIGHT"", ""RIGHT"", ""RIGHT"", ""RIGHT"", ""DOWN"", ""RIGHT"", ""DOWN"", ""DOWN"", ""DOWN"", ""DOWN"", ""DOWN"", ""RIGHT"", ""UP"", ""LEFT"", ""LEFT"", ""LEFT"", ""LEFT"", ""LEFT"", ""LEFT"", ""DOWN""]",
3,Stage 03,Stage 03,Fragile,levels/fragile_levels/stage_03.json,A*,3,True,True,True,0.005411400008597411,25662,68,28,73,73,"[""UP"", ""LEFT"", ""UP"", ""RIGHT"", ""RIGHT"", ""UP"", ""RIGHT"", ""RIGHT"", ""RIGHT"", ""RIGHT"", ""RIGHT"", ""RIGHT"", ""DOWN"", ""RIGHT"", ""DOWN"", ""DOWN"", ""DOWN"", ""DOWN"", ""DOWN"", ""RIGHT"", ""UP"", ""LEFT"", ""LEFT"", ""LEFT"", ""LEFT"", ""LEFT"", ""LEFT"", ""DOWN""]",
3,Stage 03,Stage 03,Fragile,levels/fragile_levels/stage_03.json,A*,4,True,True,True,0.005132399994181469,25662,68,28,73,73,"[""UP"", ""LEFT"", ""UP"", ""RIGHT"", ""RIGHT"", ""UP"", ""RIGHT"", ""RIGHT"", ""RIGHT"", ""RIGHT"", ""RIGHT"", ""RIGHT"", ""DOWN"", ""RIGHT"", ""DOWN"", ""DOWN"", ""DOWN"", ""DOWN"", ""DOWN"", ""RIGHT"", ""UP"", ""LEFT"", ""LEFT"", ""LEFT"", ""LEFT"", ""LEFT"", ""LEFT"", ""DOWN""]",
3,Stage 03,Stage 03,Fragile,levels/fragile_levels/stage_03.json,A*,5,True,True,True,0.005403799994383007,25662,68,28,73,73,"[""UP"", ""LEFT"", ""UP"", ""RIGHT"", ""RIGHT"", ""UP"", ""RIGHT"", ""RIGHT"", ""RIGHT"", ""RIGHT"", ""RIGHT"", ""RIGHT"", ""DOWN"", ""RIGHT"", ""DOWN"", ""DOWN"", ""DOWN"", ""DOWN"", ""DOWN"", ""RIGHT"", ""UP"", ""LEFT"", ""LEFT"", ""LEFT"", ""LEFT"", ""LEFT"", ""LEFT"", ""DOWN""]",
4,Stage 04,Stage 04,Bridge/Switch,levels/bridge_switch_levels/stage_04.json,BFS,1,True,True,True,0.025802600008319132,145248,283,17,26,26,"[""UP"", ""RIGHT"", ""DOWN"", ""RIGHT"", ""RIGHT"", ""RIGHT"", ""RIGHT"", ""UP"", ""UP"", ""DOWN"", ""RIGHT"", ""DOWN"", ""RIGHT"", ""RIGHT"", ""UP"", ""RIGHT"", ""UP""]",
4,Stage 04,Stage 04,Bridge/Switch,levels/bridge_switch_levels/stage_04.json,BFS,2,True,True,True,0.024625400008517317,145248,283,17,26,26,"[""UP"", ""RIGHT"", ""DOWN"", ""RIGHT"", ""RIGHT"", ""RIGHT"", ""RIGHT"", ""UP"", ""UP"", ""DOWN"", ""RIGHT"", ""DOWN"", ""RIGHT"", ""RIGHT"", ""UP"", ""RIGHT"", ""UP""]",
4,Stage 04,Stage 04,Bridge/Switch,levels/bridge_switch_levels/stage_04.json,BFS,3,True,True,True,0.022004200000083074,145248,283,17,26,26,"[""UP"", ""RIGHT"", ""DOWN"", ""RIGHT"", ""RIGHT"", ""RIGHT"", ""RIGHT"", ""UP"", ""UP"", ""DOWN"", ""RIGHT"", ""DOWN"", ""RIGHT"", ""RIGHT"", ""UP"", ""RIGHT"", ""UP""]",
4,Stage 04,Stage 04,Bridge/Switch,levels/bridge_switch_levels/stage_04.json,BFS,4,True,True,True,0.021838500004378147,145248,283,17,26,26,"[""UP"", ""RIGHT"", ""DOWN"", ""RIGHT"", ""RIGHT"", ""RIGHT"", ""RIGHT"", ""UP"", ""UP"", ""DOWN"", ""RIGHT"", ""DOWN"", ""RIGHT"", ""RIGHT"", ""UP"", ""RIGHT"", ""UP""]",
4,Stage 04,Stage 04,Bridge/Switch,levels/bridge_switch_levels/stage_04.json,BFS,5,True,True,True,0.021525000003748573,145248,283,17,26,26,"[""UP"", ""RIGHT"", ""DOWN"", ""RIGHT"", ""RIGHT"", ""RIGHT"", ""RIGHT"", ""UP"", ""UP"", ""DOWN"", ""RIGHT"", ""DOWN"", ""RIGHT"", ""RIGHT"", ""UP"", ""RIGHT"", ""UP""]",
4,Stage 04,Stage 04,Bridge/Switch,levels/bridge_switch_levels/stage_04.json,IDS,1,True,True,True,0.4101630000077421,84686,4967,17,26,26,"[""UP"", ""RIGHT"", ""DOWN"", ""RIGHT"", ""RIGHT"", ""RIGHT"", ""RIGHT"", ""UP"", ""UP"", ""DOWN"", ""RIGHT"", ""DOWN"", ""RIGHT"", ""RIGHT"", ""UP"", ""RIGHT"", ""UP""]",
4,Stage 04,Stage 04,Bridge/Switch,levels/bridge_switch_levels/stage_04.json,IDS,2,True,True,True,0.48187470000993926,84686,4967,17,26,26,"[""UP"", ""RIGHT"", ""DOWN"", ""RIGHT"", ""RIGHT"", ""RIGHT"", ""RIGHT"", ""UP"", ""UP"", ""DOWN"", ""RIGHT"", ""DOWN"", ""RIGHT"", ""RIGHT"", ""UP"", ""RIGHT"", ""UP""]",
4,Stage 04,Stage 04,Bridge/Switch,levels/bridge_switch_levels/stage_04.json,IDS,3,True,True,True,0.365129199999501,84686,4967,17,26,26,"[""UP"", ""RIGHT"", ""DOWN"", ""RIGHT"", ""RIGHT"", ""RIGHT"", ""RIGHT"", ""UP"", ""UP"", ""DOWN"", ""RIGHT"", ""DOWN"", ""RIGHT"", ""RIGHT"", ""UP"", ""RIGHT"", ""UP""]",
4,Stage 04,Stage 04,Bridge/Switch,levels/bridge_switch_levels/stage_04.json,IDS,4,True,True,True,0.3847256000008201,84686,4967,17,26,26,"[""UP"", ""RIGHT"", ""DOWN"", ""RIGHT"", ""RIGHT"", ""RIGHT"", ""RIGHT"", ""UP"", ""UP"", ""DOWN"", ""RIGHT"", ""DOWN"", ""RIGHT"", ""RIGHT"", ""UP"", ""RIGHT"", ""UP""]",
4,Stage 04,Stage 04,Bridge/Switch,levels/bridge_switch_levels/stage_04.json,IDS,5,True,True,True,0.44795349999913014,84686,4967,17,26,26,"[""UP"", ""RIGHT"", ""DOWN"", ""RIGHT"", ""RIGHT"", ""RIGHT"", ""RIGHT"", ""UP"", ""UP"", ""DOWN"", ""RIGHT"", ""DOWN"", ""RIGHT"", ""RIGHT"", ""UP"", ""RIGHT"", ""UP""]",
4,Stage 04,Stage 04,Bridge/Switch,levels/bridge_switch_levels/stage_04.json,UCS,1,True,True,True,0.026415000000270084,114910,271,17,26,26,"[""UP"", ""RIGHT"", ""DOWN"", ""RIGHT"", ""RIGHT"", ""RIGHT"", ""RIGHT"", ""UP"", ""UP"", ""DOWN"", ""RIGHT"", ""DOWN"", ""RIGHT"", ""RIGHT"", ""UP"", ""RIGHT"", ""UP""]",
4,Stage 04,Stage 04,Bridge/Switch,levels/bridge_switch_levels/stage_04.json,UCS,2,True,True,True,0.02623489999677986,114910,271,17,26,26,"[""UP"", ""RIGHT"", ""DOWN"", ""RIGHT"", ""RIGHT"", ""RIGHT"", ""RIGHT"", ""UP"", ""UP"", ""DOWN"", ""RIGHT"", ""DOWN"", ""RIGHT"", ""RIGHT"", ""UP"", ""RIGHT"", ""UP""]",
4,Stage 04,Stage 04,Bridge/Switch,levels/bridge_switch_levels/stage_04.json,UCS,3,True,True,True,0.02580129999842029,114910,271,17,26,26,"[""UP"", ""RIGHT"", ""DOWN"", ""RIGHT"", ""RIGHT"", ""RIGHT"", ""RIGHT"", ""UP"", ""UP"", ""DOWN"", ""RIGHT"", ""DOWN"", ""RIGHT"", ""RIGHT"", ""UP"", ""RIGHT"", ""UP""]",
4,Stage 04,Stage 04,Bridge/Switch,levels/bridge_switch_levels/stage_04.json,UCS,4,True,True,True,0.024343999990378506,114910,271,17,26,26,"[""UP"", ""RIGHT"", ""DOWN"", ""RIGHT"", ""RIGHT"", ""RIGHT"", ""RIGHT"", ""UP"", ""UP"", ""DOWN"", ""RIGHT"", ""DOWN"", ""RIGHT"", ""RIGHT"", ""UP"", ""RIGHT"", ""UP""]",
4,Stage 04,Stage 04,Bridge/Switch,levels/bridge_switch_levels/stage_04.json,UCS,5,True,True,True,0.02465009999286849,114910,271,17,26,26,"[""UP"", ""RIGHT"", ""DOWN"", ""RIGHT"", ""RIGHT"", ""RIGHT"", ""RIGHT"", ""UP"", ""UP"", ""DOWN"", ""RIGHT"", ""DOWN"", ""RIGHT"", ""RIGHT"", ""UP"", ""RIGHT"", ""UP""]",
4,Stage 04,Stage 04,Bridge/Switch,levels/bridge_switch_levels/stage_04.json,A*,1,True,True,True,0.02299440000206232,101621,230,17,26,26,"[""UP"", ""RIGHT"", ""DOWN"", ""RIGHT"", ""RIGHT"", ""RIGHT"", ""RIGHT"", ""UP"", ""UP"", ""DOWN"", ""RIGHT"", ""DOWN"", ""RIGHT"", ""RIGHT"", ""UP"", ""RIGHT"", ""UP""]",
4,Stage 04,Stage 04,Bridge/Switch,levels/bridge_switch_levels/stage_04.json,A*,2,True,True,True,0.022258899989537895,101621,230,17,26,26,"[""UP"", ""RIGHT"", ""DOWN"", ""RIGHT"", ""RIGHT"", ""RIGHT"", ""RIGHT"", ""UP"", ""UP"", ""DOWN"", ""RIGHT"", ""DOWN"", ""RIGHT"", ""RIGHT"", ""UP"", ""RIGHT"", ""UP""]",
4,Stage 04,Stage 04,Bridge/Switch,levels/bridge_switch_levels/stage_04.json,A*,3,True,True,True,0.025496600006590597,101621,230,17,26,26,"[""UP"", ""RIGHT"", ""DOWN"", ""RIGHT"", ""RIGHT"", ""RIGHT"", ""RIGHT"", ""UP"", ""UP"", ""DOWN"", ""RIGHT"", ""DOWN"", ""RIGHT"", ""RIGHT"", ""UP"", ""RIGHT"", ""UP""]",
4,Stage 04,Stage 04,Bridge/Switch,levels/bridge_switch_levels/stage_04.json,A*,4,True,True,True,0.022565399995073676,101621,230,17,26,26,"[""UP"", ""RIGHT"", ""DOWN"", ""RIGHT"", ""RIGHT"", ""RIGHT"", ""RIGHT"", ""UP"", ""UP"", ""DOWN"", ""RIGHT"", ""DOWN"", ""RIGHT"", ""RIGHT"", ""UP"", ""RIGHT"", ""UP""]",
4,Stage 04,Stage 04,Bridge/Switch,levels/bridge_switch_levels/stage_04.json,A*,5,True,True,True,0.023566999996546656,101621,230,17,26,26,"[""UP"", ""RIGHT"", ""DOWN"", ""RIGHT"", ""RIGHT"", ""RIGHT"", ""RIGHT"", ""UP"", ""UP"", ""DOWN"", ""RIGHT"", ""DOWN"", ""RIGHT"", ""RIGHT"", ""UP"", ""RIGHT"", ""UP""]",
5,Stage 05,Stage 05,Bridge/Switch,levels/bridge_switch_levels/stage_05.json,BFS,1,True,True,True,0.023421899997629225,150701,319,33,45,45,"[""LEFT"", ""LEFT"", ""LEFT"", ""LEFT"", ""RIGHT"", ""LEFT"", ""LEFT"", ""LEFT"", ""LEFT"", ""DOWN"", ""RIGHT"", ""DOWN"", ""DOWN"", ""RIGHT"", ""RIGHT"", ""RIGHT"", ""RIGHT"", ""DOWN"", ""RIGHT"", ""RIGHT"", ""RIGHT"", ""RIGHT"", ""LEFT"", ""LEFT"", ""LEFT"", ""LEFT"", ""DOWN"", ""LEFT"", ""LEFT"", ""LEFT"", ""LEFT"", ""LEFT"", ""LEFT""]",
5,Stage 05,Stage 05,Bridge/Switch,levels/bridge_switch_levels/stage_05.json,BFS,2,True,True,True,0.027026800002204254,150701,319,33,45,45,"[""LEFT"", ""LEFT"", ""LEFT"", ""LEFT"", ""RIGHT"", ""LEFT"", ""LEFT"", ""LEFT"", ""LEFT"", ""DOWN"", ""RIGHT"", ""DOWN"", ""DOWN"", ""RIGHT"", ""RIGHT"", ""RIGHT"", ""RIGHT"", ""DOWN"", ""RIGHT"", ""RIGHT"", ""RIGHT"", ""RIGHT"", ""LEFT"", ""LEFT"", ""LEFT"", ""LEFT"", ""DOWN"", ""LEFT"", ""LEFT"", ""LEFT"", ""LEFT"", ""LEFT"", ""LEFT""]",
5,Stage 05,Stage 05,Bridge/Switch,levels/bridge_switch_levels/stage_05.json,BFS,3,True,True,True,0.02425220000441186,150701,319,33,45,45,"[""LEFT"", ""LEFT"", ""LEFT"", ""LEFT"", ""RIGHT"", ""LEFT"", ""LEFT"", ""LEFT"", ""LEFT"", ""DOWN"", ""RIGHT"", ""DOWN"", ""DOWN"", ""RIGHT"", ""RIGHT"", ""RIGHT"", ""RIGHT"", ""DOWN"", ""RIGHT"", ""RIGHT"", ""RIGHT"", ""RIGHT"", ""LEFT"", ""LEFT"", ""LEFT"", ""LEFT"", ""DOWN"", ""LEFT"", ""LEFT"", ""LEFT"", ""LEFT"", ""LEFT"", ""LEFT""]",
5,Stage 05,Stage 05,Bridge/Switch,levels/bridge_switch_levels/stage_05.json,BFS,4,True,True,True,0.022253699993598275,150701,319,33,45,45,"[""LEFT"", ""LEFT"", ""LEFT"", ""LEFT"", ""RIGHT"", ""LEFT"", ""LEFT"", ""LEFT"", ""LEFT"", ""DOWN"", ""RIGHT"", ""DOWN"", ""DOWN"", ""RIGHT"", ""RIGHT"", ""RIGHT"", ""RIGHT"", ""DOWN"", ""RIGHT"", ""RIGHT"", ""RIGHT"", ""RIGHT"", ""LEFT"", ""LEFT"", ""LEFT"", ""LEFT"", ""DOWN"", ""LEFT"", ""LEFT"", ""LEFT"", ""LEFT"", ""LEFT"", ""LEFT""]",
5,Stage 05,Stage 05,Bridge/Switch,levels/bridge_switch_levels/stage_05.json,BFS,5,True,True,True,0.023682300001382828,150701,319,33,45,45,"[""LEFT"", ""LEFT"", ""LEFT"", ""LEFT"", ""RIGHT"", ""LEFT"", ""LEFT"", ""LEFT"", ""LEFT"", ""DOWN"", ""RIGHT"", ""DOWN"", ""DOWN"", ""RIGHT"", ""RIGHT"", ""RIGHT"", ""RIGHT"", ""DOWN"", ""RIGHT"", ""RIGHT"", ""RIGHT"", ""RIGHT"", ""LEFT"", ""LEFT"", ""LEFT"", ""LEFT"", ""DOWN"", ""LEFT"", ""LEFT"", ""LEFT"", ""LEFT"", ""LEFT"", ""LEFT""]",
5,Stage 05,Stage 05,Bridge/Switch,levels/bridge_switch_levels/stage_05.json,IDS,1,True,True,True,0.9939808000053745,97334,12235,33,45,45,"[""LEFT"", ""LEFT"", ""LEFT"", ""LEFT"", ""RIGHT"", ""LEFT"", ""LEFT"", ""LEFT"", ""LEFT"", ""DOWN"", ""RIGHT"", ""DOWN"", ""DOWN"", ""RIGHT"", ""RIGHT"", ""RIGHT"", ""RIGHT"", ""DOWN"", ""RIGHT"", ""RIGHT"", ""RIGHT"", ""RIGHT"", ""LEFT"", ""LEFT"", ""LEFT"", ""LEFT"", ""DOWN"", ""LEFT"", ""LEFT"", ""LEFT"", ""LEFT"", ""LEFT"", ""LEFT""]",
5,Stage 05,Stage 05,Bridge/Switch,levels/bridge_switch_levels/stage_05.json,IDS,2,True,True,True,1.0355969999945955,97334,12235,33,45,45,"[""LEFT"", ""LEFT"", ""LEFT"", ""LEFT"", ""RIGHT"", ""LEFT"", ""LEFT"", ""LEFT"", ""LEFT"", ""DOWN"", ""RIGHT"", ""DOWN"", ""DOWN"", ""RIGHT"", ""RIGHT"", ""RIGHT"", ""RIGHT"", ""DOWN"", ""RIGHT"", ""RIGHT"", ""RIGHT"", ""RIGHT"", ""LEFT"", ""LEFT"", ""LEFT"", ""LEFT"", ""DOWN"", ""LEFT"", ""LEFT"", ""LEFT"", ""LEFT"", ""LEFT"", ""LEFT""]",
5,Stage 05,Stage 05,Bridge/Switch,levels/bridge_switch_levels/stage_05.json,IDS,3,True,True,True,0.9951129999972181,97334,12235,33,45,45,"[""LEFT"", ""LEFT"", ""LEFT"", ""LEFT"", ""RIGHT"", ""LEFT"", ""LEFT"", ""LEFT"", ""LEFT"", ""DOWN"", ""RIGHT"", ""DOWN"", ""DOWN"", ""RIGHT"", ""RIGHT"", ""RIGHT"", ""RIGHT"", ""DOWN"", ""RIGHT"", ""RIGHT"", ""RIGHT"", ""RIGHT"", ""LEFT"", ""LEFT"", ""LEFT"", ""LEFT"", ""DOWN"", ""LEFT"", ""LEFT"", ""LEFT"", ""LEFT"", ""LEFT"", ""LEFT""]",
5,Stage 05,Stage 05,Bridge/Switch,levels/bridge_switch_levels/stage_05.json,IDS,4,True,True,True,0.8992190999997547,97334,12235,33,45,45,"[""LEFT"", ""LEFT"", ""LEFT"", ""LEFT"", ""RIGHT"", ""LEFT"", ""LEFT"", ""LEFT"", ""LEFT"", ""DOWN"", ""RIGHT"", ""DOWN"", ""DOWN"", ""RIGHT"", ""RIGHT"", ""RIGHT"", ""RIGHT"", ""DOWN"", ""RIGHT"", ""RIGHT"", ""RIGHT"", ""RIGHT"", ""LEFT"", ""LEFT"", ""LEFT"", ""LEFT"", ""DOWN"", ""LEFT"", ""LEFT"", ""LEFT"", ""LEFT"", ""LEFT"", ""LEFT""]",
5,Stage 05,Stage 05,Bridge/Switch,levels/bridge_switch_levels/stage_05.json,IDS,5,True,True,True,1.011848199996166,97334,12235,33,45,45,"[""LEFT"", ""LEFT"", ""LEFT"", ""LEFT"", ""RIGHT"", ""LEFT"", ""LEFT"", ""LEFT"", ""LEFT"", ""DOWN"", ""RIGHT"", ""DOWN"", ""DOWN"", ""RIGHT"", ""RIGHT"", ""RIGHT"", ""RIGHT"", ""DOWN"", ""RIGHT"", ""RIGHT"", ""RIGHT"", ""RIGHT"", ""LEFT"", ""LEFT"", ""LEFT"", ""LEFT"", ""DOWN"", ""LEFT"", ""LEFT"", ""LEFT"", ""LEFT"", ""LEFT"", ""LEFT""]",
5,Stage 05,Stage 05,Bridge/Switch,levels/bridge_switch_levels/stage_05.json,UCS,1,True,True,True,0.024405300006037578,121949,300,33,45,45,"[""LEFT"", ""LEFT"", ""LEFT"", ""LEFT"", ""RIGHT"", ""LEFT"", ""LEFT"", ""LEFT"", ""LEFT"", ""DOWN"", ""RIGHT"", ""DOWN"", ""DOWN"", ""RIGHT"", ""RIGHT"", ""RIGHT"", ""RIGHT"", ""DOWN"", ""RIGHT"", ""RIGHT"", ""RIGHT"", ""RIGHT"", ""LEFT"", ""LEFT"", ""LEFT"", ""LEFT"", ""DOWN"", ""LEFT"", ""LEFT"", ""LEFT"", ""LEFT"", ""LEFT"", ""LEFT""]",
5,Stage 05,Stage 05,Bridge/Switch,levels/bridge_switch_levels/stage_05.json,UCS,2,True,True,True,0.025462500008870848,121949,300,33,45,45,"[""LEFT"", ""LEFT"", ""LEFT"", ""LEFT"", ""RIGHT"", ""LEFT"", ""LEFT"", ""LEFT"", ""LEFT"", ""DOWN"", ""RIGHT"", ""DOWN"", ""DOWN"", ""RIGHT"", ""RIGHT"", ""RIGHT"", ""RIGHT"", ""DOWN"", ""RIGHT"", ""RIGHT"", ""RIGHT"", ""RIGHT"", ""LEFT"", ""LEFT"", ""LEFT"", ""LEFT"", ""DOWN"", ""LEFT"", ""LEFT"", ""LEFT"", ""LEFT"", ""LEFT"", ""LEFT""]",
5,Stage 05,Stage 05,Bridge/Switch,levels/bridge_switch_levels/stage_05.json,UCS,3,True,True,True,0.026232400006847456,121949,300,33,45,45,"[""LEFT"", ""LEFT"", ""LEFT"", ""LEFT"", ""RIGHT"", ""LEFT"", ""LEFT"", ""LEFT"", ""LEFT"", ""DOWN"", ""RIGHT"", ""DOWN"", ""DOWN"", ""RIGHT"", ""RIGHT"", ""RIGHT"", ""RIGHT"", ""DOWN"", ""RIGHT"", ""RIGHT"", ""RIGHT"", ""RIGHT"", ""LEFT"", ""LEFT"", ""LEFT"", ""LEFT"", ""DOWN"", ""LEFT"", ""LEFT"", ""LEFT"", ""LEFT"", ""LEFT"", ""LEFT""]",
5,Stage 05,Stage 05,Bridge/Switch,levels/bridge_switch_levels/stage_05.json,UCS,4,True,True,True,0.023691099995630793,121949,300,33,45,45,"[""LEFT"", ""LEFT"", ""LEFT"", ""LEFT"", ""RIGHT"", ""LEFT"", ""LEFT"", ""LEFT"", ""LEFT"", ""DOWN"", ""RIGHT"", ""DOWN"", ""DOWN"", ""RIGHT"", ""RIGHT"", ""RIGHT"", ""RIGHT"", ""DOWN"", ""RIGHT"", ""RIGHT"", ""RIGHT"", ""RIGHT"", ""LEFT"", ""LEFT"", ""LEFT"", ""LEFT"", ""DOWN"", ""LEFT"", ""LEFT"", ""LEFT"", ""LEFT"", ""LEFT"", ""LEFT""]",
5,Stage 05,Stage 05,Bridge/Switch,levels/bridge_switch_levels/stage_05.json,UCS,5,True,True,True,0.023491500003729016,121949,300,33,45,45,"[""LEFT"", ""LEFT"", ""LEFT"", ""LEFT"", ""RIGHT"", ""LEFT"", ""LEFT"", ""LEFT"", ""LEFT"", ""DOWN"", ""RIGHT"", ""DOWN"", ""DOWN"", ""RIGHT"", ""RIGHT"", ""RIGHT"", ""RIGHT"", ""DOWN"", ""RIGHT"", ""RIGHT"", ""RIGHT"", ""RIGHT"", ""LEFT"", ""LEFT"", ""LEFT"", ""LEFT"", ""DOWN"", ""LEFT"", ""LEFT"", ""LEFT"", ""LEFT"", ""LEFT"", ""LEFT""]",
5,Stage 05,Stage 05,Bridge/Switch,levels/bridge_switch_levels/stage_05.json,A*,1,True,True,True,0.022353800013661385,112550,267,33,45,45,"[""LEFT"", ""LEFT"", ""LEFT"", ""LEFT"", ""RIGHT"", ""LEFT"", ""LEFT"", ""LEFT"", ""LEFT"", ""DOWN"", ""RIGHT"", ""DOWN"", ""DOWN"", ""RIGHT"", ""RIGHT"", ""RIGHT"", ""RIGHT"", ""DOWN"", ""RIGHT"", ""RIGHT"", ""RIGHT"", ""RIGHT"", ""LEFT"", ""LEFT"", ""LEFT"", ""LEFT"", ""DOWN"", ""LEFT"", ""LEFT"", ""LEFT"", ""LEFT"", ""LEFT"", ""LEFT""]",
5,Stage 05,Stage 05,Bridge/Switch,levels/bridge_switch_levels/stage_05.json,A*,2,True,True,True,0.024152199999662116,112550,267,33,45,45,"[""LEFT"", ""LEFT"", ""LEFT"", ""LEFT"", ""RIGHT"", ""LEFT"", ""LEFT"", ""LEFT"", ""LEFT"", ""DOWN"", ""RIGHT"", ""DOWN"", ""DOWN"", ""RIGHT"", ""RIGHT"", ""RIGHT"", ""RIGHT"", ""DOWN"", ""RIGHT"", ""RIGHT"", ""RIGHT"", ""RIGHT"", ""LEFT"", ""LEFT"", ""LEFT"", ""LEFT"", ""DOWN"", ""LEFT"", ""LEFT"", ""LEFT"", ""LEFT"", ""LEFT"", ""LEFT""]",
5,Stage 05,Stage 05,Bridge/Switch,levels/bridge_switch_levels/stage_05.json,A*,3,True,True,True,0.022250699999858625,112550,267,33,45,45,"[""LEFT"", ""LEFT"", ""LEFT"", ""LEFT"", ""RIGHT"", ""LEFT"", ""LEFT"", ""LEFT"", ""LEFT"", ""DOWN"", ""RIGHT"", ""DOWN"", ""DOWN"", ""RIGHT"", ""RIGHT"", ""RIGHT"", ""RIGHT"", ""DOWN"", ""RIGHT"", ""RIGHT"", ""RIGHT"", ""RIGHT"", ""LEFT"", ""LEFT"", ""LEFT"", ""LEFT"", ""DOWN"", ""LEFT"", ""LEFT"", ""LEFT"", ""LEFT"", ""LEFT"", ""LEFT""]",
5,Stage 05,Stage 05,Bridge/Switch,levels/bridge_switch_levels/stage_05.json,A*,4,True,True,True,0.04073350000544451,112550,267,33,45,45,"[""LEFT"", ""LEFT"", ""LEFT"", ""LEFT"", ""RIGHT"", ""LEFT"", ""LEFT"", ""LEFT"", ""LEFT"", ""DOWN"", ""RIGHT"", ""DOWN"", ""DOWN"", ""RIGHT"", ""RIGHT"", ""RIGHT"", ""RIGHT"", ""DOWN"", ""RIGHT"", ""RIGHT"", ""RIGHT"", ""RIGHT"", ""LEFT"", ""LEFT"", ""LEFT"", ""LEFT"", ""DOWN"", ""LEFT"", ""LEFT"", ""LEFT"", ""LEFT"", ""LEFT"", ""LEFT""]",
5,Stage 05,Stage 05,Bridge/Switch,levels/bridge_switch_levels/stage_05.json,A*,5,True,True,True,0.04781199998978991,112550,267,33,45,45,"[""LEFT"", ""LEFT"", ""LEFT"", ""LEFT"", ""RIGHT"", ""LEFT"", ""LEFT"", ""LEFT"", ""LEFT"", ""DOWN"", ""RIGHT"", ""DOWN"", ""DOWN"", ""RIGHT"", ""RIGHT"", ""RIGHT"", ""RIGHT"", ""DOWN"", ""RIGHT"", ""RIGHT"", ""RIGHT"", ""RIGHT"", ""LEFT"", ""LEFT"", ""LEFT"", ""LEFT"", ""DOWN"", ""LEFT"", ""LEFT"", ""LEFT"", ""LEFT"", ""LEFT"", ""LEFT""]",
6,Stage 06,Stage 06,Bridge/Switch,levels/bridge_switch_levels/stage_06.json,BFS,1,True,True,True,0.008955800003604963,26678,55,12,26,26,"[""RIGHT"", ""DOWN"", ""RIGHT"", ""RIGHT"", ""RIGHT"", ""RIGHT"", ""DOWN"", ""RIGHT"", ""UP"", ""LEFT"", ""LEFT"", ""UP""]",
6,Stage 06,Stage 06,Bridge/Switch,levels/bridge_switch_levels/stage_06.json,BFS,2,True,True,True,0.00851929999771528,26678,55,12,26,26,"[""RIGHT"", ""DOWN"", ""RIGHT"", ""RIGHT"", ""RIGHT"", ""RIGHT"", ""DOWN"", ""RIGHT"", ""UP"", ""LEFT"", ""LEFT"", ""UP""]",
6,Stage 06,Stage 06,Bridge/Switch,levels/bridge_switch_levels/stage_06.json,BFS,3,True,True,True,0.007893500005593523,26678,55,12,26,26,"[""RIGHT"", ""DOWN"", ""RIGHT"", ""RIGHT"", ""RIGHT"", ""RIGHT"", ""DOWN"", ""RIGHT"", ""UP"", ""LEFT"", ""LEFT"", ""UP""]",
6,Stage 06,Stage 06,Bridge/Switch,levels/bridge_switch_levels/stage_06.json,BFS,4,True,True,True,0.008596900006523356,26678,55,12,26,26,"[""RIGHT"", ""DOWN"", ""RIGHT"", ""RIGHT"", ""RIGHT"", ""RIGHT"", ""DOWN"", ""RIGHT"", ""UP"", ""LEFT"", ""LEFT"", ""UP""]",
6,Stage 06,Stage 06,Bridge/Switch,levels/bridge_switch_levels/stage_06.json,BFS,5,True,True,True,0.009804100001929328,26678,55,12,26,26,"[""RIGHT"", ""DOWN"", ""RIGHT"", ""RIGHT"", ""RIGHT"", ""RIGHT"", ""DOWN"", ""RIGHT"", ""UP"", ""LEFT"", ""LEFT"", ""UP""]",
6,Stage 06,Stage 06,Bridge/Switch,levels/bridge_switch_levels/stage_06.json,IDS,1,True,True,True,0.040048399998340756,21118,285,12,26,26,"[""RIGHT"", ""DOWN"", ""RIGHT"", ""RIGHT"", ""RIGHT"", ""RIGHT"", ""DOWN"", ""RIGHT"", ""UP"", ""LEFT"", ""LEFT"", ""UP""]",
6,Stage 06,Stage 06,Bridge/Switch,levels/bridge_switch_levels/stage_06.json,IDS,2,True,True,True,0.027828599995700642,21118,285,12,26,26,"[""RIGHT"", ""DOWN"", ""RIGHT"", ""RIGHT"", ""RIGHT"", ""RIGHT"", ""DOWN"", ""RIGHT"", ""UP"", ""LEFT"", ""LEFT"", ""UP""]",
6,Stage 06,Stage 06,Bridge/Switch,levels/bridge_switch_levels/stage_06.json,IDS,3,True,True,True,0.019710499997017905,21118,285,12,26,26,"[""RIGHT"", ""DOWN"", ""RIGHT"", ""RIGHT"", ""RIGHT"", ""RIGHT"", ""DOWN"", ""RIGHT"", ""UP"", ""LEFT"", ""LEFT"", ""UP""]",
6,Stage 06,Stage 06,Bridge/Switch,levels/bridge_switch_levels/stage_06.json,IDS,4,True,True,True,0.01924170000711456,21118,285,12,26,26,"[""RIGHT"", ""DOWN"", ""RIGHT"", ""RIGHT"", ""RIGHT"", ""RIGHT"", ""DOWN"", ""RIGHT"", ""UP"", ""LEFT"", ""LEFT"", ""UP""]",
6,Stage 06,Stage 06,Bridge/Switch,levels/bridge_switch_levels/stage_06.json,IDS,5,True,True,True,0.020818400007556193,21118,285,12,26,26,"[""RIGHT"", ""DOWN"", ""RIGHT"", ""RIGHT"", ""RIGHT"", ""RIGHT"", ""DOWN"", ""RIGHT"", ""UP"", ""LEFT"", ""LEFT"", ""UP""]",
6,Stage 06,Stage 06,Bridge/Switch,levels/bridge_switch_levels/stage_06.json,UCS,1,True,True,True,0.0032266999915009364,24878,45,13,18,18,"[""UP"", ""RIGHT"", ""DOWN"", ""RIGHT"", ""DOWN"", ""RIGHT"", ""RIGHT"", ""RIGHT"", ""RIGHT"", ""DOWN"", ""LEFT"", ""UP"", ""UP""]",
6,Stage 06,Stage 06,Bridge/Switch,levels/bridge_switch_levels/stage_06.json,UCS,2,True,True,True,0.005362500000046566,24878,45,13,18,18,"[""UP"", ""RIGHT"", ""DOWN"", ""RIGHT"", ""DOWN"", ""RIGHT"", ""RIGHT"", ""RIGHT"", ""RIGHT"", ""DOWN"", ""LEFT"", ""UP"", ""UP""]",
6,Stage 06,Stage 06,Bridge/Switch,levels/bridge_switch_levels/stage_06.json,UCS,3,True,True,True,0.003387799995834939,24878,45,13,18,18,"[""UP"", ""RIGHT"", ""DOWN"", ""RIGHT"", ""DOWN"", ""RIGHT"", ""RIGHT"", ""RIGHT"", ""RIGHT"", ""DOWN"", ""LEFT"", ""UP"", ""UP""]",
6,Stage 06,Stage 06,Bridge/Switch,levels/bridge_switch_levels/stage_06.json,UCS,4,True,True,True,0.0037192000017967075,24878,45,13,18,18,"[""UP"", ""RIGHT"", ""DOWN"", ""RIGHT"", ""DOWN"", ""RIGHT"", ""RIGHT"", ""RIGHT"", ""RIGHT"", ""DOWN"", ""LEFT"", ""UP"", ""UP""]",
6,Stage 06,Stage 06,Bridge/Switch,levels/bridge_switch_levels/stage_06.json,UCS,5,True,True,True,0.004507300007389858,24878,45,13,18,18,"[""UP"", ""RIGHT"", ""DOWN"", ""RIGHT"", ""DOWN"", ""RIGHT"", ""RIGHT"", ""RIGHT"", ""RIGHT"", ""DOWN"", ""LEFT"", ""UP"", ""UP""]",
6,Stage 06,Stage 06,Bridge/Switch,levels/bridge_switch_levels/stage_06.json,A*,1,True,True,True,0.0035155999939888716,23846,40,13,18,18,"[""UP"", ""RIGHT"", ""DOWN"", ""RIGHT"", ""DOWN"", ""RIGHT"", ""RIGHT"", ""RIGHT"", ""RIGHT"", ""DOWN"", ""LEFT"", ""UP"", ""UP""]",
6,Stage 06,Stage 06,Bridge/Switch,levels/bridge_switch_levels/stage_06.json,A*,2,True,True,True,0.0037871000095037743,23846,40,13,18,18,"[""UP"", ""RIGHT"", ""DOWN"", ""RIGHT"", ""DOWN"", ""RIGHT"", ""RIGHT"", ""RIGHT"", ""RIGHT"", ""DOWN"", ""LEFT"", ""UP"", ""UP""]",
6,Stage 06,Stage 06,Bridge/Switch,levels/bridge_switch_levels/stage_06.json,A*,3,True,True,True,0.0033777999924495816,23846,40,13,18,18,"[""UP"", ""RIGHT"", ""DOWN"", ""RIGHT"", ""DOWN"", ""RIGHT"", ""RIGHT"", ""RIGHT"", ""RIGHT"", ""DOWN"", ""LEFT"", ""UP"", ""UP""]",
6,Stage 06,Stage 06,Bridge/Switch,levels/bridge_switch_levels/stage_06.json,A*,4,True,True,True,0.004316399994422682,23846,40,13,18,18,"[""UP"", ""RIGHT"", ""DOWN"", ""RIGHT"", ""DOWN"", ""RIGHT"", ""RIGHT"", ""RIGHT"", ""RIGHT"", ""DOWN"", ""LEFT"", ""UP"", ""UP""]",
6,Stage 06,Stage 06,Bridge/Switch,levels/bridge_switch_levels/stage_06.json,A*,5,True,True,True,0.003322199991089292,23846,40,13,18,18,"[""UP"", ""RIGHT"", ""DOWN"", ""RIGHT"", ""DOWN"", ""RIGHT"", ""RIGHT"", ""RIGHT"", ""RIGHT"", ""DOWN"", ""LEFT"", ""UP"", ""UP""]",
7,Stage 07,Stage 07,Split,levels/split_switch_level/stage_07.json,BFS,1,True,True,True,0.08767590000934433,318270,823,11,13,13,"[""RIGHT"", ""RIGHT"", ""DOWN"", ""DOWN"", ""DOWN"", ""DOWN"", ""DOWN"", ""UP"", ""RIGHT"", ""UP"", ""RIGHT""]",
7,Stage 07,Stage 07,Split,levels/split_switch_level/stage_07.json,BFS,2,True,True,True,0.0851356999919517,318222,823,11,13,13,"[""RIGHT"", ""RIGHT"", ""DOWN"", ""DOWN"", ""DOWN"", ""DOWN"", ""DOWN"", ""UP"", ""RIGHT"", ""UP"", ""RIGHT""]",
7,Stage 07,Stage 07,Split,levels/split_switch_level/stage_07.json,BFS,3,True,True,True,0.0817926999880001,318222,823,11,13,13,"[""RIGHT"", ""RIGHT"", ""DOWN"", ""DOWN"", ""DOWN"", ""DOWN"", ""DOWN"", ""UP"", ""RIGHT"", ""UP"", ""RIGHT""]",
7,Stage 07,Stage 07,Split,levels/split_switch_level/stage_07.json,BFS,4,True,True,True,0.08104750000347849,318222,823,11,13,13,"[""RIGHT"", ""RIGHT"", ""DOWN"", ""DOWN"", ""DOWN"", ""DOWN"", ""DOWN"", ""UP"", ""RIGHT"", ""UP"", ""RIGHT""]",
7,Stage 07,Stage 07,Split,levels/split_switch_level/stage_07.json,BFS,5,True,True,True,0.08048390000476502,318222,823,11,13,13,"[""RIGHT"", ""RIGHT"", ""DOWN"", ""DOWN"", ""DOWN"", ""DOWN"", ""DOWN"", ""UP"", ""RIGHT"", ""UP"", ""RIGHT""]",
7,Stage 07,Stage 07,Split,levels/split_switch_level/stage_07.json,IDS,1,True,True,True,0.2139506999956211,193751,2123,11,13,13,"[""RIGHT"", ""RIGHT"", ""DOWN"", ""DOWN"", ""DOWN"", ""DOWN"", ""DOWN"", ""UP"", ""RIGHT"", ""UP"", ""RIGHT""]",
7,Stage 07,Stage 07,Split,levels/split_switch_level/stage_07.json,IDS,2,True,True,True,0.21894539998902474,193751,2123,11,13,13,"[""RIGHT"", ""RIGHT"", ""DOWN"", ""DOWN"", ""DOWN"", ""DOWN"", ""DOWN"", ""UP"", ""RIGHT"", ""UP"", ""RIGHT""]",
7,Stage 07,Stage 07,Split,levels/split_switch_level/stage_07.json,IDS,3,True,True,True,0.2540143999940483,193751,2123,11,13,13,"[""RIGHT"", ""RIGHT"", ""DOWN"", ""DOWN"", ""DOWN"", ""DOWN"", ""DOWN"", ""UP"", ""RIGHT"", ""UP"", ""RIGHT""]",
7,Stage 07,Stage 07,Split,levels/split_switch_level/stage_07.json,IDS,4,True,True,True,0.2511242999898968,193751,2123,11,13,13,"[""RIGHT"", ""RIGHT"", ""DOWN"", ""DOWN"", ""DOWN"", ""DOWN"", ""DOWN"", ""UP"", ""RIGHT"", ""UP"", ""RIGHT""]",
7,Stage 07,Stage 07,Split,levels/split_switch_level/stage_07.json,IDS,5,True,True,True,0.22282789999735542,193751,2123,11,13,13,"[""RIGHT"", ""RIGHT"", ""DOWN"", ""DOWN"", ""DOWN"", ""DOWN"", ""DOWN"", ""UP"", ""RIGHT"", ""UP"", ""RIGHT""]",
7,Stage 07,Stage 07,Split,levels/split_switch_level/stage_07.json,UCS,1,True,True,True,0.10090689999924507,380510,976,11,13,13,"[""RIGHT"", ""RIGHT"", ""DOWN"", ""DOWN"", ""DOWN"", ""DOWN"", ""SWITCH"", ""UP"", ""UP"", ""RIGHT"", ""RIGHT""]",
7,Stage 07,Stage 07,Split,levels/split_switch_level/stage_07.json,UCS,2,True,True,True,0.10117069999978412,380510,976,11,13,13,"[""RIGHT"", ""RIGHT"", ""DOWN"", ""DOWN"", ""DOWN"", ""DOWN"", ""SWITCH"", ""UP"", ""UP"", ""RIGHT"", ""RIGHT""]",
7,Stage 07,Stage 07,Split,levels/split_switch_level/stage_07.json,UCS,3,True,True,True,0.10033619999012444,380510,976,11,13,13,"[""RIGHT"", ""RIGHT"", ""DOWN"", ""DOWN"", ""DOWN"", ""DOWN"", ""SWITCH"", ""UP"", ""UP"", ""RIGHT"", ""RIGHT""]",
7,Stage 07,Stage 07,Split,levels/split_switch_level/stage_07.json,UCS,4,True,True,True,0.10060009999142494,380510,976,11,13,13,"[""RIGHT"", ""RIGHT"", ""DOWN"", ""DOWN"", ""DOWN"", ""DOWN"", ""SWITCH"", ""UP"", ""UP"", ""RIGHT"", ""RIGHT""]",
7,Stage 07,Stage 07,Split,levels/split_switch_level/stage_07.json,UCS,5,True,True,True,0.14609170000767335,380510,976,11,13,13,"[""RIGHT"", ""RIGHT"", ""DOWN"", ""DOWN"", ""DOWN"", ""DOWN"", ""SWITCH"", ""UP"", ""UP"", ""RIGHT"", ""RIGHT""]",
7,Stage 07,Stage 07,Split,levels/split_switch_level/stage_07.json,A*,1,True,True,True,0.09490320000622887,384789,861,11,13,13,"[""RIGHT"", ""RIGHT"", ""DOWN"", ""DOWN"", ""DOWN"", ""DOWN"", ""SWITCH"", ""UP"", ""UP"", ""RIGHT"", ""RIGHT""]",
7,Stage 07,Stage 07,Split,levels/split_switch_level/stage_07.json,A*,2,True,True,True,0.09774100000504404,384789,861,11,13,13,"[""RIGHT"", ""RIGHT"", ""DOWN"", ""DOWN"", ""DOWN"", ""DOWN"", ""SWITCH"", ""UP"", ""UP"", ""RIGHT"", ""RIGHT""]",
7,Stage 07,Stage 07,Split,levels/split_switch_level/stage_07.json,A*,3,True,True,True,0.09894470000290312,384789,861,11,13,13,"[""RIGHT"", ""RIGHT"", ""DOWN"", ""DOWN"", ""DOWN"", ""DOWN"", ""SWITCH"", ""UP"", ""UP"", ""RIGHT"", ""RIGHT""]",
7,Stage 07,Stage 07,Split,levels/split_switch_level/stage_07.json,A*,4,True,True,True,0.0984481999912532,384789,861,11,13,13,"[""RIGHT"", ""RIGHT"", ""DOWN"", ""DOWN"", ""DOWN"", ""DOWN"", ""SWITCH"", ""UP"", ""UP"", ""RIGHT"", ""RIGHT""]",
7,Stage 07,Stage 07,Split,levels/split_switch_level/stage_07.json,A*,5,True,True,True,0.0975423000054434,384789,861,11,13,13,"[""RIGHT"", ""RIGHT"", ""DOWN"", ""DOWN"", ""DOWN"", ""DOWN"", ""SWITCH"", ""UP"", ""UP"", ""RIGHT"", ""RIGHT""]",
8,Stage 08,Stage 08,Combined Advanced,levels/combined_advanced_levels/stage_08.json,BFS,1,True,True,True,1.0842324000113877,4597664,10670,58,67,67,"[""RIGHT"", ""RIGHT"", ""LEFT"", ""DOWN"", ""DOWN"", ""DOWN"", ""RIGHT"", ""DOWN"", ""DOWN"", ""DOWN"", ""DOWN"", ""DOWN"", ""LEFT"", ""LEFT"", ""LEFT"", ""LEFT"", ""UP"", ""LEFT"", ""LEFT"", ""LEFT"", ""DOWN"", ""UP"", ""RIGHT"", ""RIGHT"", ""RIGHT"", ""DOWN"", ""RIGHT"", ""RIGHT"", ""RIGHT"", ""UP"", ""SWITCH"", ""DOWN"", ""DOWN"", ""RIGHT"", ""RIGHT"", ""DOWN"", ""RIGHT"", ""DOWN"", ""DOWN"", ""DOWN"", ""LEFT"", ""DOWN"", ""UP"", ""RIGHT"", ""UP"", ""UP"", ""UP"", ""UP"", ""LEFT"", ""LEFT"", ""UP"", ""LEFT"", ""DOWN"", ""LEFT"", ""LEFT"", ""LEFT"", ""LEFT"", ""LEFT""]",
8,Stage 08,Stage 08,Combined Advanced,levels/combined_advanced_levels/stage_08.json,BFS,2,True,True,True,1.09837300000072,4597664,10670,58,67,67,"[""RIGHT"", ""RIGHT"", ""LEFT"", ""DOWN"", ""DOWN"", ""DOWN"", ""RIGHT"", ""DOWN"", ""DOWN"", ""DOWN"", ""DOWN"", ""DOWN"", ""LEFT"", ""LEFT"", ""LEFT"", ""LEFT"", ""UP"", ""LEFT"", ""LEFT"", ""LEFT"", ""DOWN"", ""UP"", ""RIGHT"", ""RIGHT"", ""RIGHT"", ""DOWN"", ""RIGHT"", ""RIGHT"", ""RIGHT"", ""UP"", ""SWITCH"", ""DOWN"", ""DOWN"", ""RIGHT"", ""RIGHT"", ""DOWN"", ""RIGHT"", ""DOWN"", ""DOWN"", ""DOWN"", ""LEFT"", ""DOWN"", ""UP"", ""RIGHT"", ""UP"", ""UP"", ""UP"", ""UP"", ""LEFT"", ""LEFT"", ""UP"", ""LEFT"", ""DOWN"", ""LEFT"", ""LEFT"", ""LEFT"", ""LEFT"", ""LEFT""]",
8,Stage 08,Stage 08,Combined Advanced,levels/combined_advanced_levels/stage_08.json,BFS,3,True,True,True,1.0726107000082266,4597664,10670,58,67,67,"[""RIGHT"", ""RIGHT"", ""LEFT"", ""DOWN"", ""DOWN"", ""DOWN"", ""RIGHT"", ""DOWN"", ""DOWN"", ""DOWN"", ""DOWN"", ""DOWN"", ""LEFT"", ""LEFT"", ""LEFT"", ""LEFT"", ""UP"", ""LEFT"", ""LEFT"", ""LEFT"", ""DOWN"", ""UP"", ""RIGHT"", ""RIGHT"", ""RIGHT"", ""DOWN"", ""RIGHT"", ""RIGHT"", ""RIGHT"", ""UP"", ""SWITCH"", ""DOWN"", ""DOWN"", ""RIGHT"", ""RIGHT"", ""DOWN"", ""RIGHT"", ""DOWN"", ""DOWN"", ""DOWN"", ""LEFT"", ""DOWN"", ""UP"", ""RIGHT"", ""UP"", ""UP"", ""UP"", ""UP"", ""LEFT"", ""LEFT"", ""UP"", ""LEFT"", ""DOWN"", ""LEFT"", ""LEFT"", ""LEFT"", ""LEFT"", ""LEFT""]",
8,Stage 08,Stage 08,Combined Advanced,levels/combined_advanced_levels/stage_08.json,BFS,4,True,True,True,1.058465800000704,4597664,10670,58,67,67,"[""RIGHT"", ""RIGHT"", ""LEFT"", ""DOWN"", ""DOWN"", ""DOWN"", ""RIGHT"", ""DOWN"", ""DOWN"", ""DOWN"", ""DOWN"", ""DOWN"", ""LEFT"", ""LEFT"", ""LEFT"", ""LEFT"", ""UP"", ""LEFT"", ""LEFT"", ""LEFT"", ""DOWN"", ""UP"", ""RIGHT"", ""RIGHT"", ""RIGHT"", ""DOWN"", ""RIGHT"", ""RIGHT"", ""RIGHT"", ""UP"", ""SWITCH"", ""DOWN"", ""DOWN"", ""RIGHT"", ""RIGHT"", ""DOWN"", ""RIGHT"", ""DOWN"", ""DOWN"", ""DOWN"", ""LEFT"", ""DOWN"", ""UP"", ""RIGHT"", ""UP"", ""UP"", ""UP"", ""UP"", ""LEFT"", ""LEFT"", ""UP"", ""LEFT"", ""DOWN"", ""LEFT"", ""LEFT"", ""LEFT"", ""LEFT"", ""LEFT""]",
8,Stage 08,Stage 08,Combined Advanced,levels/combined_advanced_levels/stage_08.json,BFS,5,True,True,True,1.109421300003305,4597664,10670,58,67,67,"[""RIGHT"", ""RIGHT"", ""LEFT"", ""DOWN"", ""DOWN"", ""DOWN"", ""RIGHT"", ""DOWN"", ""DOWN"", ""DOWN"", ""DOWN"", ""DOWN"", ""LEFT"", ""LEFT"", ""LEFT"", ""LEFT"", ""UP"", ""LEFT"", ""LEFT"", ""LEFT"", ""DOWN"", ""UP"", ""RIGHT"", ""RIGHT"", ""RIGHT"", ""DOWN"", ""RIGHT"", ""RIGHT"", ""RIGHT"", ""UP"", ""SWITCH"", ""DOWN"", ""DOWN"", ""RIGHT"", ""RIGHT"", ""DOWN"", ""RIGHT"", ""DOWN"", ""DOWN"", ""DOWN"", ""LEFT"", ""DOWN"", ""UP"", ""RIGHT"", ""UP"", ""UP"", ""UP"", ""UP"", ""LEFT"", ""LEFT"", ""UP"", ""LEFT"", ""DOWN"", ""LEFT"", ""LEFT"", ""LEFT"", ""LEFT"", ""LEFT""]",
8,Stage 08,Stage 08,Combined Advanced,levels/combined_advanced_levels/stage_08.json,IDS,1,True,True,True,168.59237919999578,3456662,1819330,58,67,67,"[""RIGHT"", ""RIGHT"", ""LEFT"", ""DOWN"", ""DOWN"", ""DOWN"", ""RIGHT"", ""DOWN"", ""DOWN"", ""DOWN"", ""DOWN"", ""DOWN"", ""LEFT"", ""LEFT"", ""LEFT"", ""LEFT"", ""UP"", ""LEFT"", ""LEFT"", ""LEFT"", ""DOWN"", ""UP"", ""RIGHT"", ""RIGHT"", ""RIGHT"", ""DOWN"", ""RIGHT"", ""RIGHT"", ""RIGHT"", ""UP"", ""SWITCH"", ""DOWN"", ""DOWN"", ""RIGHT"", ""RIGHT"", ""DOWN"", ""RIGHT"", ""DOWN"", ""DOWN"", ""DOWN"", ""LEFT"", ""DOWN"", ""UP"", ""RIGHT"", ""UP"", ""UP"", ""UP"", ""UP"", ""LEFT"", ""LEFT"", ""UP"", ""LEFT"", ""DOWN"", ""LEFT"", ""LEFT"", ""LEFT"", ""LEFT"", ""LEFT""]",
8,Stage 08,Stage 08,Combined Advanced,levels/combined_advanced_levels/stage_08.json,IDS,2,True,True,True,161.55812570000126,3456662,1819330,58,67,67,"[""RIGHT"", ""RIGHT"", ""LEFT"", ""DOWN"", ""DOWN"", ""DOWN"", ""RIGHT"", ""DOWN"", ""DOWN"", ""DOWN"", ""DOWN"", ""DOWN"", ""LEFT"", ""LEFT"", ""LEFT"", ""LEFT"", ""UP"", ""LEFT"", ""LEFT"", ""LEFT"", ""DOWN"", ""UP"", ""RIGHT"", ""RIGHT"", ""RIGHT"", ""DOWN"", ""RIGHT"", ""RIGHT"", ""RIGHT"", ""UP"", ""SWITCH"", ""DOWN"", ""DOWN"", ""RIGHT"", ""RIGHT"", ""DOWN"", ""RIGHT"", ""DOWN"", ""DOWN"", ""DOWN"", ""LEFT"", ""DOWN"", ""UP"", ""RIGHT"", ""UP"", ""UP"", ""UP"", ""UP"", ""LEFT"", ""LEFT"", ""UP"", ""LEFT"", ""DOWN"", ""LEFT"", ""LEFT"", ""LEFT"", ""LEFT"", ""LEFT""]",
8,Stage 08,Stage 08,Combined Advanced,levels/combined_advanced_levels/stage_08.json,IDS,3,True,True,True,161.7535199999984,3456662,1819330,58,67,67,"[""RIGHT"", ""RIGHT"", ""LEFT"", ""DOWN"", ""DOWN"", ""DOWN"", ""RIGHT"", ""DOWN"", ""DOWN"", ""DOWN"", ""DOWN"", ""DOWN"", ""LEFT"", ""LEFT"", ""LEFT"", ""LEFT"", ""UP"", ""LEFT"", ""LEFT"", ""LEFT"", ""DOWN"", ""UP"", ""RIGHT"", ""RIGHT"", ""RIGHT"", ""DOWN"", ""RIGHT"", ""RIGHT"", ""RIGHT"", ""UP"", ""SWITCH"", ""DOWN"", ""DOWN"", ""RIGHT"", ""RIGHT"", ""DOWN"", ""RIGHT"", ""DOWN"", ""DOWN"", ""DOWN"", ""LEFT"", ""DOWN"", ""UP"", ""RIGHT"", ""UP"", ""UP"", ""UP"", ""UP"", ""LEFT"", ""LEFT"", ""UP"", ""LEFT"", ""DOWN"", ""LEFT"", ""LEFT"", ""LEFT"", ""LEFT"", ""LEFT""]",
8,Stage 08,Stage 08,Combined Advanced,levels/combined_advanced_levels/stage_08.json,IDS,4,True,True,True,163.09569589998864,3456662,1819330,58,67,67,"[""RIGHT"", ""RIGHT"", ""LEFT"", ""DOWN"", ""DOWN"", ""DOWN"", ""RIGHT"", ""DOWN"", ""DOWN"", ""DOWN"", ""DOWN"", ""DOWN"", ""LEFT"", ""LEFT"", ""LEFT"", ""LEFT"", ""UP"", ""LEFT"", ""LEFT"", ""LEFT"", ""DOWN"", ""UP"", ""RIGHT"", ""RIGHT"", ""RIGHT"", ""DOWN"", ""RIGHT"", ""RIGHT"", ""RIGHT"", ""UP"", ""SWITCH"", ""DOWN"", ""DOWN"", ""RIGHT"", ""RIGHT"", ""DOWN"", ""RIGHT"", ""DOWN"", ""DOWN"", ""DOWN"", ""LEFT"", ""DOWN"", ""UP"", ""RIGHT"", ""UP"", ""UP"", ""UP"", ""UP"", ""LEFT"", ""LEFT"", ""UP"", ""LEFT"", ""DOWN"", ""LEFT"", ""LEFT"", ""LEFT"", ""LEFT"", ""LEFT""]",
8,Stage 08,Stage 08,Combined Advanced,levels/combined_advanced_levels/stage_08.json,IDS,5,True,True,True,159.29575069999555,3456662,1819330,58,67,67,"[""RIGHT"", ""RIGHT"", ""LEFT"", ""DOWN"", ""DOWN"", ""DOWN"", ""RIGHT"", ""DOWN"", ""DOWN"", ""DOWN"", ""DOWN"", ""DOWN"", ""LEFT"", ""LEFT"", ""LEFT"", ""LEFT"", ""UP"", ""LEFT"", ""LEFT"", ""LEFT"", ""DOWN"", ""UP"", ""RIGHT"", ""RIGHT"", ""RIGHT"", ""DOWN"", ""RIGHT"", ""RIGHT"", ""RIGHT"", ""UP"", ""SWITCH"", ""DOWN"", ""DOWN"", ""RIGHT"", ""RIGHT"", ""DOWN"", ""RIGHT"", ""DOWN"", ""DOWN"", ""DOWN"", ""LEFT"", ""DOWN"", ""UP"", ""RIGHT"", ""UP"", ""UP"", ""UP"", ""UP"", ""LEFT"", ""LEFT"", ""UP"", ""LEFT"", ""DOWN"", ""LEFT"", ""LEFT"", ""LEFT"", ""LEFT"", ""LEFT""]",
8,Stage 08,Stage 08,Combined Advanced,levels/combined_advanced_levels/stage_08.json,UCS,1,True,True,True,1.0236435000115307,4757534,11659,58,67,67,"[""RIGHT"", ""RIGHT"", ""LEFT"", ""DOWN"", ""DOWN"", ""DOWN"", ""RIGHT"", ""DOWN"", ""DOWN"", ""DOWN"", ""DOWN"", ""DOWN"", ""LEFT"", ""LEFT"", ""LEFT"", ""LEFT"", ""UP"", ""LEFT"", ""LEFT"", ""LEFT"", ""DOWN"", ""UP"", ""RIGHT"", ""RIGHT"", ""RIGHT"", ""DOWN"", ""RIGHT"", ""RIGHT"", ""RIGHT"", ""UP"", ""SWITCH"", ""DOWN"", ""DOWN"", ""RIGHT"", ""RIGHT"", ""DOWN"", ""RIGHT"", ""DOWN"", ""DOWN"", ""DOWN"", ""LEFT"", ""DOWN"", ""UP"", ""RIGHT"", ""UP"", ""UP"", ""UP"", ""UP"", ""LEFT"", ""LEFT"", ""UP"", ""LEFT"", ""DOWN"", ""LEFT"", ""LEFT"", ""LEFT"", ""LEFT"", ""LEFT""]",
8,Stage 08,Stage 08,Combined Advanced,levels/combined_advanced_levels/stage_08.json,UCS,2,True,True,True,1.0491113999887602,4757534,11659,58,67,67,"[""RIGHT"", ""RIGHT"", ""LEFT"", ""DOWN"", ""DOWN"", ""DOWN"", ""RIGHT"", ""DOWN"", ""DOWN"", ""DOWN"", ""DOWN"", ""DOWN"", ""LEFT"", ""LEFT"", ""LEFT"", ""LEFT"", ""UP"", ""LEFT"", ""LEFT"", ""LEFT"", ""DOWN"", ""UP"", ""RIGHT"", ""RIGHT"", ""RIGHT"", ""DOWN"", ""RIGHT"", ""RIGHT"", ""RIGHT"", ""UP"", ""SWITCH"", ""DOWN"", ""DOWN"", ""RIGHT"", ""RIGHT"", ""DOWN"", ""RIGHT"", ""DOWN"", ""DOWN"", ""DOWN"", ""LEFT"", ""DOWN"", ""UP"", ""RIGHT"", ""UP"", ""UP"", ""UP"", ""UP"", ""LEFT"", ""LEFT"", ""UP"", ""LEFT"", ""DOWN"", ""LEFT"", ""LEFT"", ""LEFT"", ""LEFT"", ""LEFT""]",
8,Stage 08,Stage 08,Combined Advanced,levels/combined_advanced_levels/stage_08.json,UCS,3,True,True,True,1.0133608000032837,4757534,11659,58,67,67,"[""RIGHT"", ""RIGHT"", ""LEFT"", ""DOWN"", ""DOWN"", ""DOWN"", ""RIGHT"", ""DOWN"", ""DOWN"", ""DOWN"", ""DOWN"", ""DOWN"", ""LEFT"", ""LEFT"", ""LEFT"", ""LEFT"", ""UP"", ""LEFT"", ""LEFT"", ""LEFT"", ""DOWN"", ""UP"", ""RIGHT"", ""RIGHT"", ""RIGHT"", ""DOWN"", ""RIGHT"", ""RIGHT"", ""RIGHT"", ""UP"", ""SWITCH"", ""DOWN"", ""DOWN"", ""RIGHT"", ""RIGHT"", ""DOWN"", ""RIGHT"", ""DOWN"", ""DOWN"", ""DOWN"", ""LEFT"", ""DOWN"", ""UP"", ""RIGHT"", ""UP"", ""UP"", ""UP"", ""UP"", ""LEFT"", ""LEFT"", ""UP"", ""LEFT"", ""DOWN"", ""LEFT"", ""LEFT"", ""LEFT"", ""LEFT"", ""LEFT""]",
8,Stage 08,Stage 08,Combined Advanced,levels/combined_advanced_levels/stage_08.json,UCS,4,True,True,True,1.017830500000855,4757534,11659,58,67,67,"[""RIGHT"", ""RIGHT"", ""LEFT"", ""DOWN"", ""DOWN"", ""DOWN"", ""RIGHT"", ""DOWN"", ""DOWN"", ""DOWN"", ""DOWN"", ""DOWN"", ""LEFT"", ""LEFT"", ""LEFT"", ""LEFT"", ""UP"", ""LEFT"", ""LEFT"", ""LEFT"", ""DOWN"", ""UP"", ""RIGHT"", ""RIGHT"", ""RIGHT"", ""DOWN"", ""RIGHT"", ""RIGHT"", ""RIGHT"", ""UP"", ""SWITCH"", ""DOWN"", ""DOWN"", ""RIGHT"", ""RIGHT"", ""DOWN"", ""RIGHT"", ""DOWN"", ""DOWN"", ""DOWN"", ""LEFT"", ""DOWN"", ""UP"", ""RIGHT"", ""UP"", ""UP"", ""UP"", ""UP"", ""LEFT"", ""LEFT"", ""UP"", ""LEFT"", ""DOWN"", ""LEFT"", ""LEFT"", ""LEFT"", ""LEFT"", ""LEFT""]",
8,Stage 08,Stage 08,Combined Advanced,levels/combined_advanced_levels/stage_08.json,UCS,5,True,True,True,1.0511737999913748,4757534,11659,58,67,67,"[""RIGHT"", ""RIGHT"", ""LEFT"", ""DOWN"", ""DOWN"", ""DOWN"", ""RIGHT"", ""DOWN"", ""DOWN"", ""DOWN"", ""DOWN"", ""DOWN"", ""LEFT"", ""LEFT"", ""LEFT"", ""LEFT"", ""UP"", ""LEFT"", ""LEFT"", ""LEFT"", ""DOWN"", ""UP"", ""RIGHT"", ""RIGHT"", ""RIGHT"", ""DOWN"", ""RIGHT"", ""RIGHT"", ""RIGHT"", ""UP"", ""SWITCH"", ""DOWN"", ""DOWN"", ""RIGHT"", ""RIGHT"", ""DOWN"", ""RIGHT"", ""DOWN"", ""DOWN"", ""DOWN"", ""LEFT"", ""DOWN"", ""UP"", ""RIGHT"", ""UP"", ""UP"", ""UP"", ""UP"", ""LEFT"", ""LEFT"", ""UP"", ""LEFT"", ""DOWN"", ""LEFT"", ""LEFT"", ""LEFT"", ""LEFT"", ""LEFT""]",
8,Stage 08,Stage 08,Combined Advanced,levels/combined_advanced_levels/stage_08.json,A*,1,True,True,True,0.9474625000002561,3969248,10267,58,67,67,"[""RIGHT"", ""RIGHT"", ""LEFT"", ""DOWN"", ""DOWN"", ""DOWN"", ""RIGHT"", ""DOWN"", ""DOWN"", ""DOWN"", ""DOWN"", ""DOWN"", ""LEFT"", ""LEFT"", ""LEFT"", ""LEFT"", ""UP"", ""LEFT"", ""LEFT"", ""LEFT"", ""DOWN"", ""UP"", ""RIGHT"", ""RIGHT"", ""RIGHT"", ""DOWN"", ""RIGHT"", ""SWITCH"", ""DOWN"", ""DOWN"", ""RIGHT"", ""RIGHT"", ""DOWN"", ""RIGHT"", ""DOWN"", ""DOWN"", ""DOWN"", ""DOWN"", ""DOWN"", ""LEFT"", ""LEFT"", ""RIGHT"", ""UP"", ""RIGHT"", ""UP"", ""UP"", ""UP"", ""UP"", ""LEFT"", ""LEFT"", ""UP"", ""LEFT"", ""DOWN"", ""LEFT"", ""LEFT"", ""LEFT"", ""LEFT"", ""LEFT""]",
8,Stage 08,Stage 08,Combined Advanced,levels/combined_advanced_levels/stage_08.json,A*,2,True,True,True,0.9534073999966495,3969248,10267,58,67,67,"[""RIGHT"", ""RIGHT"", ""LEFT"", ""DOWN"", ""DOWN"", ""DOWN"", ""RIGHT"", ""DOWN"", ""DOWN"", ""DOWN"", ""DOWN"", ""DOWN"", ""LEFT"", ""LEFT"", ""LEFT"", ""LEFT"", ""UP"", ""LEFT"", ""LEFT"", ""LEFT"", ""DOWN"", ""UP"", ""RIGHT"", ""RIGHT"", ""RIGHT"", ""DOWN"", ""RIGHT"", ""SWITCH"", ""DOWN"", ""DOWN"", ""RIGHT"", ""RIGHT"", ""DOWN"", ""RIGHT"", ""DOWN"", ""DOWN"", ""DOWN"", ""DOWN"", ""DOWN"", ""LEFT"", ""LEFT"", ""RIGHT"", ""UP"", ""RIGHT"", ""UP"", ""UP"", ""UP"", ""UP"", ""LEFT"", ""LEFT"", ""UP"", ""LEFT"", ""DOWN"", ""LEFT"", ""LEFT"", ""LEFT"", ""LEFT"", ""LEFT""]",
8,Stage 08,Stage 08,Combined Advanced,levels/combined_advanced_levels/stage_08.json,A*,3,True,True,True,0.9656001000112155,3969248,10267,58,67,67,"[""RIGHT"", ""RIGHT"", ""LEFT"", ""DOWN"", ""DOWN"", ""DOWN"", ""RIGHT"", ""DOWN"", ""DOWN"", ""DOWN"", ""DOWN"", ""DOWN"", ""LEFT"", ""LEFT"", ""LEFT"", ""LEFT"", ""UP"", ""LEFT"", ""LEFT"", ""LEFT"", ""DOWN"", ""UP"", ""RIGHT"", ""RIGHT"", ""RIGHT"", ""DOWN"", ""RIGHT"", ""SWITCH"", ""DOWN"", ""DOWN"", ""RIGHT"", ""RIGHT"", ""DOWN"", ""RIGHT"", ""DOWN"", ""DOWN"", ""DOWN"", ""DOWN"", ""DOWN"", ""LEFT"", ""LEFT"", ""RIGHT"", ""UP"", ""RIGHT"", ""UP"", ""UP"", ""UP"", ""UP"", ""LEFT"", ""LEFT"", ""UP"", ""LEFT"", ""DOWN"", ""LEFT"", ""LEFT"", ""LEFT"", ""LEFT"", ""LEFT""]",
8,Stage 08,Stage 08,Combined Advanced,levels/combined_advanced_levels/stage_08.json,A*,4,True,True,True,0.9686538000096334,3969248,10267,58,67,67,"[""RIGHT"", ""RIGHT"", ""LEFT"", ""DOWN"", ""DOWN"", ""DOWN"", ""RIGHT"", ""DOWN"", ""DOWN"", ""DOWN"", ""DOWN"", ""DOWN"", ""LEFT"", ""LEFT"", ""LEFT"", ""LEFT"", ""UP"", ""LEFT"", ""LEFT"", ""LEFT"", ""DOWN"", ""UP"", ""RIGHT"", ""RIGHT"", ""RIGHT"", ""DOWN"", ""RIGHT"", ""SWITCH"", ""DOWN"", ""DOWN"", ""RIGHT"", ""RIGHT"", ""DOWN"", ""RIGHT"", ""DOWN"", ""DOWN"", ""DOWN"", ""DOWN"", ""DOWN"", ""LEFT"", ""LEFT"", ""RIGHT"", ""UP"", ""RIGHT"", ""UP"", ""UP"", ""UP"", ""UP"", ""LEFT"", ""LEFT"", ""UP"", ""LEFT"", ""DOWN"", ""LEFT"", ""LEFT"", ""LEFT"", ""LEFT"", ""LEFT""]",
8,Stage 08,Stage 08,Combined Advanced,levels/combined_advanced_levels/stage_08.json,A*,5,True,True,True,0.9565045000053942,3969248,10267,58,67,67,"[""RIGHT"", ""RIGHT"", ""LEFT"", ""DOWN"", ""DOWN"", ""DOWN"", ""RIGHT"", ""DOWN"", ""DOWN"", ""DOWN"", ""DOWN"", ""DOWN"", ""LEFT"", ""LEFT"", ""LEFT"", ""LEFT"", ""UP"", ""LEFT"", ""LEFT"", ""LEFT"", ""DOWN"", ""UP"", ""RIGHT"", ""RIGHT"", ""RIGHT"", ""DOWN"", ""RIGHT"", ""SWITCH"", ""DOWN"", ""DOWN"", ""RIGHT"", ""RIGHT"", ""DOWN"", ""RIGHT"", ""DOWN"", ""DOWN"", ""DOWN"", ""DOWN"", ""DOWN"", ""LEFT"", ""LEFT"", ""RIGHT"", ""UP"", ""RIGHT"", ""UP"", ""UP"", ""UP"", ""UP"", ""LEFT"", ""LEFT"", ""UP"", ""LEFT"", ""DOWN"", ""LEFT"", ""LEFT"", ""LEFT"", ""LEFT"", ""LEFT""]",
9,Stage 09,Stage 09,Combined Advanced,levels/combined_advanced_levels/stage_09.json,BFS,1,True,True,True,0.0036199000023771077,29477,62,14,28,28,"[""DOWN"", ""RIGHT"", ""DOWN"", ""DOWN"", ""DOWN"", ""DOWN"", ""RIGHT"", ""DOWN"", ""LEFT"", ""UP"", ""UP"", ""LEFT"", ""RIGHT"", ""RIGHT""]",
9,Stage 09,Stage 09,Combined Advanced,levels/combined_advanced_levels/stage_09.json,BFS,2,True,True,True,0.0038472000014735386,29477,62,14,28,28,"[""DOWN"", ""RIGHT"", ""DOWN"", ""DOWN"", ""DOWN"", ""DOWN"", ""RIGHT"", ""DOWN"", ""LEFT"", ""UP"", ""UP"", ""LEFT"", ""RIGHT"", ""RIGHT""]",
9,Stage 09,Stage 09,Combined Advanced,levels/combined_advanced_levels/stage_09.json,BFS,3,True,True,True,0.003719399988767691,29477,62,14,28,28,"[""DOWN"", ""RIGHT"", ""DOWN"", ""DOWN"", ""DOWN"", ""DOWN"", ""RIGHT"", ""DOWN"", ""LEFT"", ""UP"", ""UP"", ""LEFT"", ""RIGHT"", ""RIGHT""]",
9,Stage 09,Stage 09,Combined Advanced,levels/combined_advanced_levels/stage_09.json,BFS,4,True,True,True,0.003746700007468462,29477,62,14,28,28,"[""DOWN"", ""RIGHT"", ""DOWN"", ""DOWN"", ""DOWN"", ""DOWN"", ""RIGHT"", ""DOWN"", ""LEFT"", ""UP"", ""UP"", ""LEFT"", ""RIGHT"", ""RIGHT""]",
9,Stage 09,Stage 09,Combined Advanced,levels/combined_advanced_levels/stage_09.json,BFS,5,True,True,True,0.003653299994766712,29477,62,14,28,28,"[""DOWN"", ""RIGHT"", ""DOWN"", ""DOWN"", ""DOWN"", ""DOWN"", ""RIGHT"", ""DOWN"", ""LEFT"", ""UP"", ""UP"", ""LEFT"", ""RIGHT"", ""RIGHT""]",
9,Stage 09,Stage 09,Combined Advanced,levels/combined_advanced_levels/stage_09.json,IDS,1,True,True,True,0.023786200006725267,22389,381,14,28,28,"[""DOWN"", ""RIGHT"", ""DOWN"", ""DOWN"", ""DOWN"", ""DOWN"", ""RIGHT"", ""DOWN"", ""LEFT"", ""UP"", ""UP"", ""LEFT"", ""RIGHT"", ""RIGHT""]",
9,Stage 09,Stage 09,Combined Advanced,levels/combined_advanced_levels/stage_09.json,IDS,2,True,True,True,0.02251589999650605,22389,381,14,28,28,"[""DOWN"", ""RIGHT"", ""DOWN"", ""DOWN"", ""DOWN"", ""DOWN"", ""RIGHT"", ""DOWN"", ""LEFT"", ""UP"", ""UP"", ""LEFT"", ""RIGHT"", ""RIGHT""]",
9,Stage 09,Stage 09,Combined Advanced,levels/combined_advanced_levels/stage_09.json,IDS,3,True,True,True,0.022690800004056655,22389,381,14,28,28,"[""DOWN"", ""RIGHT"", ""DOWN"", ""DOWN"", ""DOWN"", ""DOWN"", ""RIGHT"", ""DOWN"", ""LEFT"", ""UP"", ""UP"", ""LEFT"", ""RIGHT"", ""RIGHT""]",
9,Stage 09,Stage 09,Combined Advanced,levels/combined_advanced_levels/stage_09.json,IDS,4,True,True,True,0.022400999994715676,22389,381,14,28,28,"[""DOWN"", ""RIGHT"", ""DOWN"", ""DOWN"", ""DOWN"", ""DOWN"", ""RIGHT"", ""DOWN"", ""LEFT"", ""UP"", ""UP"", ""LEFT"", ""RIGHT"", ""RIGHT""]",
9,Stage 09,Stage 09,Combined Advanced,levels/combined_advanced_levels/stage_09.json,IDS,5,True,True,True,0.022544500010553747,22389,381,14,28,28,"[""DOWN"", ""RIGHT"", ""DOWN"", ""DOWN"", ""DOWN"", ""DOWN"", ""RIGHT"", ""DOWN"", ""LEFT"", ""UP"", ""UP"", ""LEFT"", ""RIGHT"", ""RIGHT""]",
9,Stage 09,Stage 09,Combined Advanced,levels/combined_advanced_levels/stage_09.json,UCS,1,True,True,True,0.0036202000046614558,27645,55,15,20,20,"[""LEFT"", ""DOWN"", ""RIGHT"", ""DOWN"", ""RIGHT"", ""DOWN"", ""DOWN"", ""DOWN"", ""DOWN"", ""RIGHT"", ""UP"", ""LEFT"", ""LEFT"", ""RIGHT"", ""RIGHT""]",
9,Stage 09,Stage 09,Combined Advanced,levels/combined_advanced_levels/stage_09.json,UCS,2,True,True,True,0.0036875000077998266,27645,55,15,20,20,"[""LEFT"", ""DOWN"", ""RIGHT"", ""DOWN"", ""RIGHT"", ""DOWN"", ""DOWN"", ""DOWN"", ""DOWN"", ""RIGHT"", ""UP"", ""LEFT"", ""LEFT"", ""RIGHT"", ""RIGHT""]",
9,Stage 09,Stage 09,Combined Advanced,levels/combined_advanced_levels/stage_09.json,UCS,3,True,True,True,0.003755700003239326,27645,55,15,20,20,"[""LEFT"", ""DOWN"", ""RIGHT"", ""DOWN"", ""RIGHT"", ""DOWN"", ""DOWN"", ""DOWN"", ""DOWN"", ""RIGHT"", ""UP"", ""LEFT"", ""LEFT"", ""RIGHT"", ""RIGHT""]",
9,Stage 09,Stage 09,Combined Advanced,levels/combined_advanced_levels/stage_09.json,UCS,4,True,True,True,0.0036128000065218657,27645,55,15,20,20,"[""LEFT"", ""DOWN"", ""RIGHT"", ""DOWN"", ""RIGHT"", ""DOWN"", ""DOWN"", ""DOWN"", ""DOWN"", ""RIGHT"", ""UP"", ""LEFT"", ""LEFT"", ""RIGHT"", ""RIGHT""]",
9,Stage 09,Stage 09,Combined Advanced,levels/combined_advanced_levels/stage_09.json,UCS,5,True,True,True,0.0037453999975696206,27645,55,15,20,20,"[""LEFT"", ""DOWN"", ""RIGHT"", ""DOWN"", ""RIGHT"", ""DOWN"", ""DOWN"", ""DOWN"", ""DOWN"", ""RIGHT"", ""UP"", ""LEFT"", ""LEFT"", ""RIGHT"", ""RIGHT""]",
9,Stage 09,Stage 09,Combined Advanced,levels/combined_advanced_levels/stage_09.json,A*,1,True,True,True,0.0033056999964173883,25950,45,15,20,20,"[""LEFT"", ""DOWN"", ""RIGHT"", ""DOWN"", ""RIGHT"", ""DOWN"", ""DOWN"", ""DOWN"", ""DOWN"", ""RIGHT"", ""UP"", ""LEFT"", ""LEFT"", ""RIGHT"", ""RIGHT""]",
9,Stage 09,Stage 09,Combined Advanced,levels/combined_advanced_levels/stage_09.json,A*,2,True,True,True,0.0032940999954007566,25950,45,15,20,20,"[""LEFT"", ""DOWN"", ""RIGHT"", ""DOWN"", ""RIGHT"", ""DOWN"", ""DOWN"", ""DOWN"", ""DOWN"", ""RIGHT"", ""UP"", ""LEFT"", ""LEFT"", ""RIGHT"", ""RIGHT""]",
9,Stage 09,Stage 09,Combined Advanced,levels/combined_advanced_levels/stage_09.json,A*,3,True,True,True,0.00337730000319425,25950,45,15,20,20,"[""LEFT"", ""DOWN"", ""RIGHT"", ""DOWN"", ""RIGHT"", ""DOWN"", ""DOWN"", ""DOWN"", ""DOWN"", ""RIGHT"", ""UP"", ""LEFT"", ""LEFT"", ""RIGHT"", ""RIGHT""]",
9,Stage 09,Stage 09,Combined Advanced,levels/combined_advanced_levels/stage_09.json,A*,4,True,True,True,0.003235399999539368,25950,45,15,20,20,"[""LEFT"", ""DOWN"", ""RIGHT"", ""DOWN"", ""RIGHT"", ""DOWN"", ""DOWN"", ""DOWN"", ""DOWN"", ""RIGHT"", ""UP"", ""LEFT"", ""LEFT"", ""RIGHT"", ""RIGHT""]",
9,Stage 09,Stage 09,Combined Advanced,levels/combined_advanced_levels/stage_09.json,A*,5,True,True,True,0.0033552999957464635,25950,45,15,20,20,"[""LEFT"", ""DOWN"", ""RIGHT"", ""DOWN"", ""RIGHT"", ""DOWN"", ""DOWN"", ""DOWN"", ""DOWN"", ""RIGHT"", ""UP"", ""LEFT"", ""LEFT"", ""RIGHT"", ""RIGHT""]",
10,Stage 10,Stage 10,Combined Advanced,levels/combined_advanced_levels/stage_10.json,BFS,1,True,True,True,0.05036629999813158,324333,800,91,142,142,"[""UP"", ""LEFT"", ""DOWN"", ""LEFT"", ""LEFT"", ""UP"", ""UP"", ""UP"", ""UP"", ""DOWN"", ""DOWN"", ""DOWN"", ""DOWN"", ""RIGHT"", ""RIGHT"", ""RIGHT"", ""UP"", ""LEFT"", ""DOWN"", ""RIGHT"", ""UP"", ""UP"", ""UP"", ""UP"", ""LEFT"", ""UP"", ""RIGHT"", ""DOWN"", ""DOWN"", ""LEFT"", ""UP"", ""RIGHT"", ""DOWN"", ""LEFT"", ""LEFT"", ""LEFT"", ""DOWN"", ""DOWN"", ""DOWN"", ""LEFT"", ""DOWN"", ""DOWN"", ""UP"", ""UP"", ""RIGHT"", ""UP"", ""UP"", ""UP"", ""LEFT"", ""LEFT"", ""LEFT"", ""LEFT"", ""DOWN"", ""RIGHT"", ""UP"", ""LEFT"", ""DOWN"", ""DOWN"", ""DOWN"", ""DOWN"", ""DOWN"", ""LEFT"", ""UP"", ""RIGHT"", ""LEFT"", ""UP"", ""RIGHT"", ""DOWN"", ""RIGHT"", ""UP"", ""RIGHT"", ""RIGHT"", ""UP"", ""RIGHT"", ""RIGHT"", ""DOWN"", ""RIGHT"", ""RIGHT"", ""RIGHT"", ""UP"", ""LEFT"", ""DOWN"", ""RIGHT"", ""UP"", ""UP"", ""UP"", ""UP"", ""UP"", ""RIGHT"", ""DOWN"", ""LEFT""]",
10,Stage 10,Stage 10,Combined Advanced,levels/combined_advanced_levels/stage_10.json,BFS,2,True,True,True,0.050885000004200265,324333,800,91,142,142,"[""UP"", ""LEFT"", ""DOWN"", ""LEFT"", ""LEFT"", ""UP"", ""UP"", ""UP"", ""UP"", ""DOWN"", ""DOWN"", ""DOWN"", ""DOWN"", ""RIGHT"", ""RIGHT"", ""RIGHT"", ""UP"", ""LEFT"", ""DOWN"", ""RIGHT"", ""UP"", ""UP"", ""UP"", ""UP"", ""LEFT"", ""UP"", ""RIGHT"", ""DOWN"", ""DOWN"", ""LEFT"", ""UP"", ""RIGHT"", ""DOWN"", ""LEFT"", ""LEFT"", ""LEFT"", ""DOWN"", ""DOWN"", ""DOWN"", ""LEFT"", ""DOWN"", ""DOWN"", ""UP"", ""UP"", ""RIGHT"", ""UP"", ""UP"", ""UP"", ""LEFT"", ""LEFT"", ""LEFT"", ""LEFT"", ""DOWN"", ""RIGHT"", ""UP"", ""LEFT"", ""DOWN"", ""DOWN"", ""DOWN"", ""DOWN"", ""DOWN"", ""LEFT"", ""UP"", ""RIGHT"", ""LEFT"", ""UP"", ""RIGHT"", ""DOWN"", ""RIGHT"", ""UP"", ""RIGHT"", ""RIGHT"", ""UP"", ""RIGHT"", ""RIGHT"", ""DOWN"", ""RIGHT"", ""RIGHT"", ""RIGHT"", ""UP"", ""LEFT"", ""DOWN"", ""RIGHT"", ""UP"", ""UP"", ""UP"", ""UP"", ""UP"", ""RIGHT"", ""DOWN"", ""LEFT""]",
10,Stage 10,Stage 10,Combined Advanced,levels/combined_advanced_levels/stage_10.json,BFS,3,True,True,True,0.053268000003299676,324333,800,91,142,142,"[""UP"", ""LEFT"", ""DOWN"", ""LEFT"", ""LEFT"", ""UP"", ""UP"", ""UP"", ""UP"", ""DOWN"", ""DOWN"", ""DOWN"", ""DOWN"", ""RIGHT"", ""RIGHT"", ""RIGHT"", ""UP"", ""LEFT"", ""DOWN"", ""RIGHT"", ""UP"", ""UP"", ""UP"", ""UP"", ""LEFT"", ""UP"", ""RIGHT"", ""DOWN"", ""DOWN"", ""LEFT"", ""UP"", ""RIGHT"", ""DOWN"", ""LEFT"", ""LEFT"", ""LEFT"", ""DOWN"", ""DOWN"", ""DOWN"", ""LEFT"", ""DOWN"", ""DOWN"", ""UP"", ""UP"", ""RIGHT"", ""UP"", ""UP"", ""UP"", ""LEFT"", ""LEFT"", ""LEFT"", ""LEFT"", ""DOWN"", ""RIGHT"", ""UP"", ""LEFT"", ""DOWN"", ""DOWN"", ""DOWN"", ""DOWN"", ""DOWN"", ""LEFT"", ""UP"", ""RIGHT"", ""LEFT"", ""UP"", ""RIGHT"", ""DOWN"", ""RIGHT"", ""UP"", ""RIGHT"", ""RIGHT"", ""UP"", ""RIGHT"", ""RIGHT"", ""DOWN"", ""RIGHT"", ""RIGHT"", ""RIGHT"", ""UP"", ""LEFT"", ""DOWN"", ""RIGHT"", ""UP"", ""UP"", ""UP"", ""UP"", ""UP"", ""RIGHT"", ""DOWN"", ""LEFT""]",
10,Stage 10,Stage 10,Combined Advanced,levels/combined_advanced_levels/stage_10.json,BFS,4,True,True,True,0.052182100000209175,324333,800,91,142,142,"[""UP"", ""LEFT"", ""DOWN"", ""LEFT"", ""LEFT"", ""UP"", ""UP"", ""UP"", ""UP"", ""DOWN"", ""DOWN"", ""DOWN"", ""DOWN"", ""RIGHT"", ""RIGHT"", ""RIGHT"", ""UP"", ""LEFT"", ""DOWN"", ""RIGHT"", ""UP"", ""UP"", ""UP"", ""UP"", ""LEFT"", ""UP"", ""RIGHT"", ""DOWN"", ""DOWN"", ""LEFT"", ""UP"", ""RIGHT"", ""DOWN"", ""LEFT"", ""LEFT"", ""LEFT"", ""DOWN"", ""DOWN"", ""DOWN"", ""LEFT"", ""DOWN"", ""DOWN"", ""UP"", ""UP"", ""RIGHT"", ""UP"", ""UP"", ""UP"", ""LEFT"", ""LEFT"", ""LEFT"", ""LEFT"", ""DOWN"", ""RIGHT"", ""UP"", ""LEFT"", ""DOWN"", ""DOWN"", ""DOWN"", ""DOWN"", ""DOWN"", ""LEFT"", ""UP"", ""RIGHT"", ""LEFT"", ""UP"", ""RIGHT"", ""DOWN"", ""RIGHT"", ""UP"", ""RIGHT"", ""RIGHT"", ""UP"", ""RIGHT"", ""RIGHT"", ""DOWN"", ""RIGHT"", ""RIGHT"", ""RIGHT"", ""UP"", ""LEFT"", ""DOWN"", ""RIGHT"", ""UP"", ""UP"", ""UP"", ""UP"", ""UP"", ""RIGHT"", ""DOWN"", ""LEFT""]",
10,Stage 10,Stage 10,Combined Advanced,levels/combined_advanced_levels/stage_10.json,BFS,5,True,True,True,0.052274000001489185,324333,800,91,142,142,"[""UP"", ""LEFT"", ""DOWN"", ""LEFT"", ""LEFT"", ""UP"", ""UP"", ""UP"", ""UP"", ""DOWN"", ""DOWN"", ""DOWN"", ""DOWN"", ""RIGHT"", ""RIGHT"", ""RIGHT"", ""UP"", ""LEFT"", ""DOWN"", ""RIGHT"", ""UP"", ""UP"", ""UP"", ""UP"", ""LEFT"", ""UP"", ""RIGHT"", ""DOWN"", ""DOWN"", ""LEFT"", ""UP"", ""RIGHT"", ""DOWN"", ""LEFT"", ""LEFT"", ""LEFT"", ""DOWN"", ""DOWN"", ""DOWN"", ""LEFT"", ""DOWN"", ""DOWN"", ""UP"", ""UP"", ""RIGHT"", ""UP"", ""UP"", ""UP"", ""LEFT"", ""LEFT"", ""LEFT"", ""LEFT"", ""DOWN"", ""RIGHT"", ""UP"", ""LEFT"", ""DOWN"", ""DOWN"", ""DOWN"", ""DOWN"", ""DOWN"", ""LEFT"", ""UP"", ""RIGHT"", ""LEFT"", ""UP"", ""RIGHT"", ""DOWN"", ""RIGHT"", ""UP"", ""RIGHT"", ""RIGHT"", ""UP"", ""RIGHT"", ""RIGHT"", ""DOWN"", ""RIGHT"", ""RIGHT"", ""RIGHT"", ""UP"", ""LEFT"", ""DOWN"", ""RIGHT"", ""UP"", ""UP"", ""UP"", ""UP"", ""UP"", ""RIGHT"", ""DOWN"", ""LEFT""]",
10,Stage 10,Stage 10,Combined Advanced,levels/combined_advanced_levels/stage_10.json,IDS,1,True,True,True,8.451239499991061,254752,132439,91,142,142,"[""UP"", ""LEFT"", ""DOWN"", ""LEFT"", ""LEFT"", ""UP"", ""UP"", ""UP"", ""UP"", ""DOWN"", ""DOWN"", ""DOWN"", ""DOWN"", ""RIGHT"", ""RIGHT"", ""RIGHT"", ""UP"", ""LEFT"", ""DOWN"", ""RIGHT"", ""UP"", ""UP"", ""UP"", ""UP"", ""LEFT"", ""UP"", ""RIGHT"", ""DOWN"", ""DOWN"", ""LEFT"", ""UP"", ""RIGHT"", ""DOWN"", ""LEFT"", ""LEFT"", ""LEFT"", ""DOWN"", ""DOWN"", ""DOWN"", ""LEFT"", ""DOWN"", ""DOWN"", ""UP"", ""UP"", ""RIGHT"", ""UP"", ""UP"", ""UP"", ""LEFT"", ""LEFT"", ""LEFT"", ""LEFT"", ""DOWN"", ""RIGHT"", ""UP"", ""LEFT"", ""DOWN"", ""DOWN"", ""DOWN"", ""DOWN"", ""DOWN"", ""LEFT"", ""UP"", ""RIGHT"", ""LEFT"", ""UP"", ""RIGHT"", ""DOWN"", ""RIGHT"", ""UP"", ""RIGHT"", ""RIGHT"", ""UP"", ""RIGHT"", ""RIGHT"", ""DOWN"", ""RIGHT"", ""RIGHT"", ""RIGHT"", ""UP"", ""LEFT"", ""DOWN"", ""RIGHT"", ""UP"", ""UP"", ""UP"", ""UP"", ""UP"", ""RIGHT"", ""DOWN"", ""LEFT""]",
10,Stage 10,Stage 10,Combined Advanced,levels/combined_advanced_levels/stage_10.json,IDS,2,True,True,True,8.422883899998851,254752,132439,91,142,142,"[""UP"", ""LEFT"", ""DOWN"", ""LEFT"", ""LEFT"", ""UP"", ""UP"", ""UP"", ""UP"", ""DOWN"", ""DOWN"", ""DOWN"", ""DOWN"", ""RIGHT"", ""RIGHT"", ""RIGHT"", ""UP"", ""LEFT"", ""DOWN"", ""RIGHT"", ""UP"", ""UP"", ""UP"", ""UP"", ""LEFT"", ""UP"", ""RIGHT"", ""DOWN"", ""DOWN"", ""LEFT"", ""UP"", ""RIGHT"", ""DOWN"", ""LEFT"", ""LEFT"", ""LEFT"", ""DOWN"", ""DOWN"", ""DOWN"", ""LEFT"", ""DOWN"", ""DOWN"", ""UP"", ""UP"", ""RIGHT"", ""UP"", ""UP"", ""UP"", ""LEFT"", ""LEFT"", ""LEFT"", ""LEFT"", ""DOWN"", ""RIGHT"", ""UP"", ""LEFT"", ""DOWN"", ""DOWN"", ""DOWN"", ""DOWN"", ""DOWN"", ""LEFT"", ""UP"", ""RIGHT"", ""LEFT"", ""UP"", ""RIGHT"", ""DOWN"", ""RIGHT"", ""UP"", ""RIGHT"", ""RIGHT"", ""UP"", ""RIGHT"", ""RIGHT"", ""DOWN"", ""RIGHT"", ""RIGHT"", ""RIGHT"", ""UP"", ""LEFT"", ""DOWN"", ""RIGHT"", ""UP"", ""UP"", ""UP"", ""UP"", ""UP"", ""RIGHT"", ""DOWN"", ""LEFT""]",
10,Stage 10,Stage 10,Combined Advanced,levels/combined_advanced_levels/stage_10.json,IDS,3,True,True,True,8.477862300002016,254752,132439,91,142,142,"[""UP"", ""LEFT"", ""DOWN"", ""LEFT"", ""LEFT"", ""UP"", ""UP"", ""UP"", ""UP"", ""DOWN"", ""DOWN"", ""DOWN"", ""DOWN"", ""RIGHT"", ""RIGHT"", ""RIGHT"", ""UP"", ""LEFT"", ""DOWN"", ""RIGHT"", ""UP"", ""UP"", ""UP"", ""UP"", ""LEFT"", ""UP"", ""RIGHT"", ""DOWN"", ""DOWN"", ""LEFT"", ""UP"", ""RIGHT"", ""DOWN"", ""LEFT"", ""LEFT"", ""LEFT"", ""DOWN"", ""DOWN"", ""DOWN"", ""LEFT"", ""DOWN"", ""DOWN"", ""UP"", ""UP"", ""RIGHT"", ""UP"", ""UP"", ""UP"", ""LEFT"", ""LEFT"", ""LEFT"", ""LEFT"", ""DOWN"", ""RIGHT"", ""UP"", ""LEFT"", ""DOWN"", ""DOWN"", ""DOWN"", ""DOWN"", ""DOWN"", ""LEFT"", ""UP"", ""RIGHT"", ""LEFT"", ""UP"", ""RIGHT"", ""DOWN"", ""RIGHT"", ""UP"", ""RIGHT"", ""RIGHT"", ""UP"", ""RIGHT"", ""RIGHT"", ""DOWN"", ""RIGHT"", ""RIGHT"", ""RIGHT"", ""UP"", ""LEFT"", ""DOWN"", ""RIGHT"", ""UP"", ""UP"", ""UP"", ""UP"", ""UP"", ""RIGHT"", ""DOWN"", ""LEFT""]",
10,Stage 10,Stage 10,Combined Advanced,levels/combined_advanced_levels/stage_10.json,IDS,4,True,True,True,8.540867199990316,254752,132439,91,142,142,"[""UP"", ""LEFT"", ""DOWN"", ""LEFT"", ""LEFT"", ""UP"", ""UP"", ""UP"", ""UP"", ""DOWN"", ""DOWN"", ""DOWN"", ""DOWN"", ""RIGHT"", ""RIGHT"", ""RIGHT"", ""UP"", ""LEFT"", ""DOWN"", ""RIGHT"", ""UP"", ""UP"", ""UP"", ""UP"", ""LEFT"", ""UP"", ""RIGHT"", ""DOWN"", ""DOWN"", ""LEFT"", ""UP"", ""RIGHT"", ""DOWN"", ""LEFT"", ""LEFT"", ""LEFT"", ""DOWN"", ""DOWN"", ""DOWN"", ""LEFT"", ""DOWN"", ""DOWN"", ""UP"", ""UP"", ""RIGHT"", ""UP"", ""UP"", ""UP"", ""LEFT"", ""LEFT"", ""LEFT"", ""LEFT"", ""DOWN"", ""RIGHT"", ""UP"", ""LEFT"", ""DOWN"", ""DOWN"", ""DOWN"", ""DOWN"", ""DOWN"", ""LEFT"", ""UP"", ""RIGHT"", ""LEFT"", ""UP"", ""RIGHT"", ""DOWN"", ""RIGHT"", ""UP"", ""RIGHT"", ""RIGHT"", ""UP"", ""RIGHT"", ""RIGHT"", ""DOWN"", ""RIGHT"", ""RIGHT"", ""RIGHT"", ""UP"", ""LEFT"", ""DOWN"", ""RIGHT"", ""UP"", ""UP"", ""UP"", ""UP"", ""UP"", ""RIGHT"", ""DOWN"", ""LEFT""]",
10,Stage 10,Stage 10,Combined Advanced,levels/combined_advanced_levels/stage_10.json,IDS,5,True,True,True,8.464026600006036,254752,132439,91,142,142,"[""UP"", ""LEFT"", ""DOWN"", ""LEFT"", ""LEFT"", ""UP"", ""UP"", ""UP"", ""UP"", ""DOWN"", ""DOWN"", ""DOWN"", ""DOWN"", ""RIGHT"", ""RIGHT"", ""RIGHT"", ""UP"", ""LEFT"", ""DOWN"", ""RIGHT"", ""UP"", ""UP"", ""UP"", ""UP"", ""LEFT"", ""UP"", ""RIGHT"", ""DOWN"", ""DOWN"", ""LEFT"", ""UP"", ""RIGHT"", ""DOWN"", ""LEFT"", ""LEFT"", ""LEFT"", ""DOWN"", ""DOWN"", ""DOWN"", ""LEFT"", ""DOWN"", ""DOWN"", ""UP"", ""UP"", ""RIGHT"", ""UP"", ""UP"", ""UP"", ""LEFT"", ""LEFT"", ""LEFT"", ""LEFT"", ""DOWN"", ""RIGHT"", ""UP"", ""LEFT"", ""DOWN"", ""DOWN"", ""DOWN"", ""DOWN"", ""DOWN"", ""LEFT"", ""UP"", ""RIGHT"", ""LEFT"", ""UP"", ""RIGHT"", ""DOWN"", ""RIGHT"", ""UP"", ""RIGHT"", ""RIGHT"", ""UP"", ""RIGHT"", ""RIGHT"", ""DOWN"", ""RIGHT"", ""RIGHT"", ""RIGHT"", ""UP"", ""LEFT"", ""DOWN"", ""RIGHT"", ""UP"", ""UP"", ""UP"", ""UP"", ""UP"", ""RIGHT"", ""DOWN"", ""LEFT""]",
10,Stage 10,Stage 10,Combined Advanced,levels/combined_advanced_levels/stage_10.json,UCS,1,True,True,True,0.054703599991626106,329197,792,91,142,142,"[""UP"", ""LEFT"", ""DOWN"", ""LEFT"", ""LEFT"", ""UP"", ""UP"", ""UP"", ""UP"", ""DOWN"", ""DOWN"", ""DOWN"", ""DOWN"", ""RIGHT"", ""RIGHT"", ""RIGHT"", ""UP"", ""LEFT"", ""DOWN"", ""RIGHT"", ""UP"", ""UP"", ""UP"", ""UP"", ""LEFT"", ""UP"", ""RIGHT"", ""DOWN"", ""DOWN"", ""LEFT"", ""UP"", ""RIGHT"", ""DOWN"", ""LEFT"", ""LEFT"", ""LEFT"", ""DOWN"", ""DOWN"", ""DOWN"", ""LEFT"", ""DOWN"", ""DOWN"", ""UP"", ""UP"", ""RIGHT"", ""UP"", ""UP"", ""UP"", ""LEFT"", ""LEFT"", ""LEFT"", ""LEFT"", ""DOWN"", ""RIGHT"", ""UP"", ""LEFT"", ""DOWN"", ""DOWN"", ""DOWN"", ""DOWN"", ""DOWN"", ""LEFT"", ""UP"", ""RIGHT"", ""LEFT"", ""UP"", ""RIGHT"", ""DOWN"", ""RIGHT"", ""UP"", ""RIGHT"", ""RIGHT"", ""UP"", ""RIGHT"", ""RIGHT"", ""DOWN"", ""RIGHT"", ""RIGHT"", ""RIGHT"", ""UP"", ""LEFT"", ""DOWN"", ""RIGHT"", ""UP"", ""UP"", ""UP"", ""UP"", ""UP"", ""RIGHT"", ""DOWN"", ""LEFT""]",
10,Stage 10,Stage 10,Combined Advanced,levels/combined_advanced_levels/stage_10.json,UCS,2,True,True,True,0.05519159999676049,329197,792,91,142,142,"[""UP"", ""LEFT"", ""DOWN"", ""LEFT"", ""LEFT"", ""UP"", ""UP"", ""UP"", ""UP"", ""DOWN"", ""DOWN"", ""DOWN"", ""DOWN"", ""RIGHT"", ""RIGHT"", ""RIGHT"", ""UP"", ""LEFT"", ""DOWN"", ""RIGHT"", ""UP"", ""UP"", ""UP"", ""UP"", ""LEFT"", ""UP"", ""RIGHT"", ""DOWN"", ""DOWN"", ""LEFT"", ""UP"", ""RIGHT"", ""DOWN"", ""LEFT"", ""LEFT"", ""LEFT"", ""DOWN"", ""DOWN"", ""DOWN"", ""LEFT"", ""DOWN"", ""DOWN"", ""UP"", ""UP"", ""RIGHT"", ""UP"", ""UP"", ""UP"", ""LEFT"", ""LEFT"", ""LEFT"", ""LEFT"", ""DOWN"", ""RIGHT"", ""UP"", ""LEFT"", ""DOWN"", ""DOWN"", ""DOWN"", ""DOWN"", ""DOWN"", ""LEFT"", ""UP"", ""RIGHT"", ""LEFT"", ""UP"", ""RIGHT"", ""DOWN"", ""RIGHT"", ""UP"", ""RIGHT"", ""RIGHT"", ""UP"", ""RIGHT"", ""RIGHT"", ""DOWN"", ""RIGHT"", ""RIGHT"", ""RIGHT"", ""UP"", ""LEFT"", ""DOWN"", ""RIGHT"", ""UP"", ""UP"", ""UP"", ""UP"", ""UP"", ""RIGHT"", ""DOWN"", ""LEFT""]",
10,Stage 10,Stage 10,Combined Advanced,levels/combined_advanced_levels/stage_10.json,UCS,3,True,True,True,0.05622389999916777,329197,792,91,142,142,"[""UP"", ""LEFT"", ""DOWN"", ""LEFT"", ""LEFT"", ""UP"", ""UP"", ""UP"", ""UP"", ""DOWN"", ""DOWN"", ""DOWN"", ""DOWN"", ""RIGHT"", ""RIGHT"", ""RIGHT"", ""UP"", ""LEFT"", ""DOWN"", ""RIGHT"", ""UP"", ""UP"", ""UP"", ""UP"", ""LEFT"", ""UP"", ""RIGHT"", ""DOWN"", ""DOWN"", ""LEFT"", ""UP"", ""RIGHT"", ""DOWN"", ""LEFT"", ""LEFT"", ""LEFT"", ""DOWN"", ""DOWN"", ""DOWN"", ""LEFT"", ""DOWN"", ""DOWN"", ""UP"", ""UP"", ""RIGHT"", ""UP"", ""UP"", ""UP"", ""LEFT"", ""LEFT"", ""LEFT"", ""LEFT"", ""DOWN"", ""RIGHT"", ""UP"", ""LEFT"", ""DOWN"", ""DOWN"", ""DOWN"", ""DOWN"", ""DOWN"", ""LEFT"", ""UP"", ""RIGHT"", ""LEFT"", ""UP"", ""RIGHT"", ""DOWN"", ""RIGHT"", ""UP"", ""RIGHT"", ""RIGHT"", ""UP"", ""RIGHT"", ""RIGHT"", ""DOWN"", ""RIGHT"", ""RIGHT"", ""RIGHT"", ""UP"", ""LEFT"", ""DOWN"", ""RIGHT"", ""UP"", ""UP"", ""UP"", ""UP"", ""UP"", ""RIGHT"", ""DOWN"", ""LEFT""]",
10,Stage 10,Stage 10,Combined Advanced,levels/combined_advanced_levels/stage_10.json,UCS,4,True,True,True,0.0558251000038581,329197,792,91,142,142,"[""UP"", ""LEFT"", ""DOWN"", ""LEFT"", ""LEFT"", ""UP"", ""UP"", ""UP"", ""UP"", ""DOWN"", ""DOWN"", ""DOWN"", ""DOWN"", ""RIGHT"", ""RIGHT"", ""RIGHT"", ""UP"", ""LEFT"", ""DOWN"", ""RIGHT"", ""UP"", ""UP"", ""UP"", ""UP"", ""LEFT"", ""UP"", ""RIGHT"", ""DOWN"", ""DOWN"", ""LEFT"", ""UP"", ""RIGHT"", ""DOWN"", ""LEFT"", ""LEFT"", ""LEFT"", ""DOWN"", ""DOWN"", ""DOWN"", ""LEFT"", ""DOWN"", ""DOWN"", ""UP"", ""UP"", ""RIGHT"", ""UP"", ""UP"", ""UP"", ""LEFT"", ""LEFT"", ""LEFT"", ""LEFT"", ""DOWN"", ""RIGHT"", ""UP"", ""LEFT"", ""DOWN"", ""DOWN"", ""DOWN"", ""DOWN"", ""DOWN"", ""LEFT"", ""UP"", ""RIGHT"", ""LEFT"", ""UP"", ""RIGHT"", ""DOWN"", ""RIGHT"", ""UP"", ""RIGHT"", ""RIGHT"", ""UP"", ""RIGHT"", ""RIGHT"", ""DOWN"", ""RIGHT"", ""RIGHT"", ""RIGHT"", ""UP"", ""LEFT"", ""DOWN"", ""RIGHT"", ""UP"", ""UP"", ""UP"", ""UP"", ""UP"", ""RIGHT"", ""DOWN"", ""LEFT""]",
10,Stage 10,Stage 10,Combined Advanced,levels/combined_advanced_levels/stage_10.json,UCS,5,True,True,True,0.05685460001404863,329197,792,91,142,142,"[""UP"", ""LEFT"", ""DOWN"", ""LEFT"", ""LEFT"", ""UP"", ""UP"", ""UP"", ""UP"", ""DOWN"", ""DOWN"", ""DOWN"", ""DOWN"", ""RIGHT"", ""RIGHT"", ""RIGHT"", ""UP"", ""LEFT"", ""DOWN"", ""RIGHT"", ""UP"", ""UP"", ""UP"", ""UP"", ""LEFT"", ""UP"", ""RIGHT"", ""DOWN"", ""DOWN"", ""LEFT"", ""UP"", ""RIGHT"", ""DOWN"", ""LEFT"", ""LEFT"", ""LEFT"", ""DOWN"", ""DOWN"", ""DOWN"", ""LEFT"", ""DOWN"", ""DOWN"", ""UP"", ""UP"", ""RIGHT"", ""UP"", ""UP"", ""UP"", ""LEFT"", ""LEFT"", ""LEFT"", ""LEFT"", ""DOWN"", ""RIGHT"", ""UP"", ""LEFT"", ""DOWN"", ""DOWN"", ""DOWN"", ""DOWN"", ""DOWN"", ""LEFT"", ""UP"", ""RIGHT"", ""LEFT"", ""UP"", ""RIGHT"", ""DOWN"", ""RIGHT"", ""UP"", ""RIGHT"", ""RIGHT"", ""UP"", ""RIGHT"", ""RIGHT"", ""DOWN"", ""RIGHT"", ""RIGHT"", ""RIGHT"", ""UP"", ""LEFT"", ""DOWN"", ""RIGHT"", ""UP"", ""UP"", ""UP"", ""UP"", ""UP"", ""RIGHT"", ""DOWN"", ""LEFT""]",
10,Stage 10,Stage 10,Combined Advanced,levels/combined_advanced_levels/stage_10.json,A*,1,True,True,True,0.05591880000429228,313158,739,91,142,142,"[""UP"", ""LEFT"", ""DOWN"", ""LEFT"", ""LEFT"", ""UP"", ""UP"", ""UP"", ""UP"", ""DOWN"", ""DOWN"", ""DOWN"", ""DOWN"", ""RIGHT"", ""RIGHT"", ""RIGHT"", ""UP"", ""LEFT"", ""DOWN"", ""RIGHT"", ""UP"", ""UP"", ""UP"", ""UP"", ""LEFT"", ""UP"", ""RIGHT"", ""DOWN"", ""DOWN"", ""LEFT"", ""UP"", ""RIGHT"", ""DOWN"", ""LEFT"", ""LEFT"", ""LEFT"", ""DOWN"", ""DOWN"", ""DOWN"", ""LEFT"", ""DOWN"", ""DOWN"", ""UP"", ""UP"", ""RIGHT"", ""UP"", ""UP"", ""UP"", ""LEFT"", ""LEFT"", ""LEFT"", ""LEFT"", ""DOWN"", ""RIGHT"", ""UP"", ""LEFT"", ""DOWN"", ""DOWN"", ""DOWN"", ""DOWN"", ""DOWN"", ""LEFT"", ""UP"", ""RIGHT"", ""LEFT"", ""UP"", ""RIGHT"", ""DOWN"", ""RIGHT"", ""UP"", ""RIGHT"", ""RIGHT"", ""UP"", ""RIGHT"", ""RIGHT"", ""DOWN"", ""RIGHT"", ""RIGHT"", ""RIGHT"", ""UP"", ""LEFT"", ""DOWN"", ""RIGHT"", ""UP"", ""UP"", ""UP"", ""UP"", ""UP"", ""RIGHT"", ""DOWN"", ""LEFT""]",
10,Stage 10,Stage 10,Combined Advanced,levels/combined_advanced_levels/stage_10.json,A*,2,True,True,True,0.055554799997480586,313158,739,91,142,142,"[""UP"", ""LEFT"", ""DOWN"", ""LEFT"", ""LEFT"", ""UP"", ""UP"", ""UP"", ""UP"", ""DOWN"", ""DOWN"", ""DOWN"", ""DOWN"", ""RIGHT"", ""RIGHT"", ""RIGHT"", ""UP"", ""LEFT"", ""DOWN"", ""RIGHT"", ""UP"", ""UP"", ""UP"", ""UP"", ""LEFT"", ""UP"", ""RIGHT"", ""DOWN"", ""DOWN"", ""LEFT"", ""UP"", ""RIGHT"", ""DOWN"", ""LEFT"", ""LEFT"", ""LEFT"", ""DOWN"", ""DOWN"", ""DOWN"", ""LEFT"", ""DOWN"", ""DOWN"", ""UP"", ""UP"", ""RIGHT"", ""UP"", ""UP"", ""UP"", ""LEFT"", ""LEFT"", ""LEFT"", ""LEFT"", ""DOWN"", ""RIGHT"", ""UP"", ""LEFT"", ""DOWN"", ""DOWN"", ""DOWN"", ""DOWN"", ""DOWN"", ""LEFT"", ""UP"", ""RIGHT"", ""LEFT"", ""UP"", ""RIGHT"", ""DOWN"", ""RIGHT"", ""UP"", ""RIGHT"", ""RIGHT"", ""UP"", ""RIGHT"", ""RIGHT"", ""DOWN"", ""RIGHT"", ""RIGHT"", ""RIGHT"", ""UP"", ""LEFT"", ""DOWN"", ""RIGHT"", ""UP"", ""UP"", ""UP"", ""UP"", ""UP"", ""RIGHT"", ""DOWN"", ""LEFT""]",
10,Stage 10,Stage 10,Combined Advanced,levels/combined_advanced_levels/stage_10.json,A*,3,True,True,True,0.059825200005434453,313158,739,91,142,142,"[""UP"", ""LEFT"", ""DOWN"", ""LEFT"", ""LEFT"", ""UP"", ""UP"", ""UP"", ""UP"", ""DOWN"", ""DOWN"", ""DOWN"", ""DOWN"", ""RIGHT"", ""RIGHT"", ""RIGHT"", ""UP"", ""LEFT"", ""DOWN"", ""RIGHT"", ""UP"", ""UP"", ""UP"", ""UP"", ""LEFT"", ""UP"", ""RIGHT"", ""DOWN"", ""DOWN"", ""LEFT"", ""UP"", ""RIGHT"", ""DOWN"", ""LEFT"", ""LEFT"", ""LEFT"", ""DOWN"", ""DOWN"", ""DOWN"", ""LEFT"", ""DOWN"", ""DOWN"", ""UP"", ""UP"", ""RIGHT"", ""UP"", ""UP"", ""UP"", ""LEFT"", ""LEFT"", ""LEFT"", ""LEFT"", ""DOWN"", ""RIGHT"", ""UP"", ""LEFT"", ""DOWN"", ""DOWN"", ""DOWN"", ""DOWN"", ""DOWN"", ""LEFT"", ""UP"", ""RIGHT"", ""LEFT"", ""UP"", ""RIGHT"", ""DOWN"", ""RIGHT"", ""UP"", ""RIGHT"", ""RIGHT"", ""UP"", ""RIGHT"", ""RIGHT"", ""DOWN"", ""RIGHT"", ""RIGHT"", ""RIGHT"", ""UP"", ""LEFT"", ""DOWN"", ""RIGHT"", ""UP"", ""UP"", ""UP"", ""UP"", ""UP"", ""RIGHT"", ""DOWN"", ""LEFT""]",
10,Stage 10,Stage 10,Combined Advanced,levels/combined_advanced_levels/stage_10.json,A*,4,True,True,True,0.055758499991497956,313158,739,91,142,142,"[""UP"", ""LEFT"", ""DOWN"", ""LEFT"", ""LEFT"", ""UP"", ""UP"", ""UP"", ""UP"", ""DOWN"", ""DOWN"", ""DOWN"", ""DOWN"", ""RIGHT"", ""RIGHT"", ""RIGHT"", ""UP"", ""LEFT"", ""DOWN"", ""RIGHT"", ""UP"", ""UP"", ""UP"", ""UP"", ""LEFT"", ""UP"", ""RIGHT"", ""DOWN"", ""DOWN"", ""LEFT"", ""UP"", ""RIGHT"", ""DOWN"", ""LEFT"", ""LEFT"", ""LEFT"", ""DOWN"", ""DOWN"", ""DOWN"", ""LEFT"", ""DOWN"", ""DOWN"", ""UP"", ""UP"", ""RIGHT"", ""UP"", ""UP"", ""UP"", ""LEFT"", ""LEFT"", ""LEFT"", ""LEFT"", ""DOWN"", ""RIGHT"", ""UP"", ""LEFT"", ""DOWN"", ""DOWN"", ""DOWN"", ""DOWN"", ""DOWN"", ""LEFT"", ""UP"", ""RIGHT"", ""LEFT"", ""UP"", ""RIGHT"", ""DOWN"", ""RIGHT"", ""UP"", ""RIGHT"", ""RIGHT"", ""UP"", ""RIGHT"", ""RIGHT"", ""DOWN"", ""RIGHT"", ""RIGHT"", ""RIGHT"", ""UP"", ""LEFT"", ""DOWN"", ""RIGHT"", ""UP"", ""UP"", ""UP"", ""UP"", ""UP"", ""RIGHT"", ""DOWN"", ""LEFT""]",
10,Stage 10,Stage 10,Combined Advanced,levels/combined_advanced_levels/stage_10.json,A*,5,True,True,True,0.05640719999792054,313158,739,91,142,142,"[""UP"", ""LEFT"", ""DOWN"", ""LEFT"", ""LEFT"", ""UP"", ""UP"", ""UP"", ""UP"", ""DOWN"", ""DOWN"", ""DOWN"", ""DOWN"", ""RIGHT"", ""RIGHT"", ""RIGHT"", ""UP"", ""LEFT"", ""DOWN"", ""RIGHT"", ""UP"", ""UP"", ""UP"", ""UP"", ""LEFT"", ""UP"", ""RIGHT"", ""DOWN"", ""DOWN"", ""LEFT"", ""UP"", ""RIGHT"", ""DOWN"", ""LEFT"", ""LEFT"", ""LEFT"", ""DOWN"", ""DOWN"", ""DOWN"", ""LEFT"", ""DOWN"", ""DOWN"", ""UP"", ""UP"", ""RIGHT"", ""UP"", ""UP"", ""UP"", ""LEFT"", ""LEFT"", ""LEFT"", ""LEFT"", ""DOWN"", ""RIGHT"", ""UP"", ""LEFT"", ""DOWN"", ""DOWN"", ""DOWN"", ""DOWN"", ""DOWN"", ""LEFT"", ""UP"", ""RIGHT"", ""LEFT"", ""UP"", ""RIGHT"", ""DOWN"", ""RIGHT"", ""UP"", ""RIGHT"", ""RIGHT"", ""UP"", ""RIGHT"", ""RIGHT"", ""DOWN"", ""RIGHT"", ""RIGHT"", ""RIGHT"", ""UP"", ""LEFT"", ""DOWN"", ""RIGHT"", ""UP"", ""UP"", ""UP"", ""UP"", ""UP"", ""RIGHT"", ""DOWN"", ""LEFT""]",
